William Afton;G6401211000;L;P6401211042;IPB110F(B);KOM120G(A);KOM1304(C);
William Afton;G6401211001;L;P6401211042;IPB110F(B);KOM120G(A);KOM1304(C);
William Afton;G6401211002;L;P6401211042;IPB110F(B);KOM120G(A);KOM1304(C);
William Afton;G6401211003;L;P6401211042;IPB110F(B);KOM120G(A);KOM1304(C);
William Afton;G6401211004;L;P6401211042;IPB110F(B);KOM120G(A);KOM1304(C);
William Afton;G6401211005;L;P6401211042;IPB110F(B);KOM120G(A);KOM1304(C);
William Afton;G6401211006;L;P6401211042;IPB110F(B);KOM120G(A);KOM1304(C);
William Afton;G6401211007;L;P6401211042;IPB110F(B);KOM120G(A);KOM1304(C);
William Afton;G6401211008;L;P6401211042;IPB110F(B);KOM120G(A);KOM1304(C);
William Afton;G6401211009;L;P6401211042;IPB110F(B);KOM120G(A);KOM1304(C);
William Afton;G64012110010;L;P6401211042;IPB110F(B);KOM120G(A);KOM1304(C);
William Afton;G64012110011;L;P6401211042;IPB110F(B);KOM120G(A);KOM1304(C);
William Afton;G64012110012;L;P6401211042;IPB110F(B);KOM120G(A);KOM1304(C);
William Afton;G64012110013;L;P6401211042;IPB110F(B);KOM120G(A);KOM1304(C);
William Afton;G64012110014;L;P6401211042;IPB110F(B);KOM120G(A);KOM1304(C);
William Afton;G64012110015;L;P6401211042;IPB110F(B);KOM120G(A);KOM1304(C);
William Afton;G64012110016;L;P6401211042;IPB110F(B);KOM120G(A);KOM1304(C);
William Afton;G64012110017;L;P6401211042;IPB110F(B);KOM120G(A);KOM1304(C);
William Afton;G64012110018;L;P6401211042;IPB110F(B);KOM120G(A);KOM1304(C);
William Afton;G64012110019;L;P6401211042;IPB110F(B);KOM120G(A);KOM1304(C);
William Afton;G64012110020;L;P6401211042;IPB110F(B);KOM120G(A);KOM1304(C);
William Afton;G64012110021;L;P6401211042;IPB110F(B);KOM120G(A);KOM1304(C);
William Afton;G64012110022;L;P6401211042;IPB110F(B);KOM120G(A);KOM1304(C);
William Afton;G64012110023;L;P6401211042;IPB110F(B);KOM120G(A);KOM1304(C);
William Afton;G64012110024;L;P6401211042;IPB110F(B);KOM120G(A);KOM1304(C);
William Afton;G64012110025;L;P6401211042;IPB110F(B);KOM120G(A);KOM1304(C);
William Afton;G64012110026;L;P6401211042;IPB110F(B);KOM120G(A);KOM1304(C);
William Afton;G64012110027;L;P6401211042;IPB110F(B);KOM120G(A);KOM1304(C);
William Afton;G64012110028;L;P6401211042;IPB110F(B);KOM120G(A);KOM1304(C);
William Afton;G64012110029;L;P6401211042;IPB110F(B);KOM120G(A);KOM1304(C);
William Afton;G64012110030;L;P6401211042;IPB110F(B);KOM120G(A);KOM1304(C);
William Afton;G64012110031;L;P6401211042;IPB110F(B);KOM120G(A);KOM1304(C);
William Afton;G64012110032;L;P6401211042;IPB110F(B);KOM120G(A);KOM1304(C);
William Afton;G64012110033;L;P6401211042;IPB110F(B);KOM120G(A);KOM1304(C);
William Afton;G64012110034;L;P6401211042;IPB110F(B);KOM120G(A);KOM1304(C);
William Afton;G64012110035;L;P6401211042;IPB110F(B);KOM120G(A);KOM1304(C);
William Afton;G64012110036;L;P6401211042;IPB110F(B);KOM120G(A);KOM1304(C);
William Afton;G64012110037;L;P6401211042;IPB110F(B);KOM120G(A);KOM1304(C);
William Afton;G64012110038;L;P6401211042;IPB110F(B);KOM120G(A);KOM1304(C);
William Afton;G64012110039;L;P6401211042;IPB110F(B);KOM120G(A);KOM1304(C);
William Afton;G64012110040;L;P6401211042;IPB110F(B);KOM120G(A);KOM1304(C);
William Afton;G64012110041;L;P6401211042;IPB110F(B);KOM120G(A);KOM1304(C);
William Afton;G64012110042;L;P6401211042;IPB110F(B);KOM120G(A);KOM1304(C);
William Afton;G64012110043;L;P6401211042;IPB110F(B);KOM120G(A);KOM1304(C);
William Afton;G64012110044;L;P6401211042;IPB110F(B);KOM120G(A);KOM1304(C);
William Afton;G64012110045;L;P6401211042;IPB110F(B);KOM120G(A);KOM1304(C);
William Afton;G64012110046;L;P6401211042;IPB110F(B);KOM120G(A);KOM1304(C);
William Afton;G64012110047;L;P6401211042;IPB110F(B);KOM120G(A);KOM1304(C);
William Afton;G64012110048;L;P6401211042;IPB110F(B);KOM120G(A);KOM1304(C);
William Afton;G64012110049;L;P6401211042;IPB110F(B);KOM120G(A);KOM1304(C);
William Afton;G64012110050;L;P6401211042;IPB110F(B);KOM120G(A);KOM1304(C);
William Afton;G64012110051;L;P6401211042;IPB110F(B);KOM120G(A);KOM1304(C);
William Afton;G64012110052;L;P6401211042;IPB110F(B);KOM120G(A);KOM1304(C);
William Afton;G64012110053;L;P6401211042;IPB110F(B);KOM120G(A);KOM1304(C);
William Afton;G64012110054;L;P6401211042;IPB110F(B);KOM120G(A);KOM1304(C);
William Afton;G64012110055;L;P6401211042;IPB110F(B);KOM120G(A);KOM1304(C);
William Afton;G64012110056;L;P6401211042;IPB110F(B);KOM120G(A);KOM1304(C);
William Afton;G64012110057;L;P6401211042;IPB110F(B);KOM120G(A);KOM1304(C);
William Afton;G64012110058;L;P6401211042;IPB110F(B);KOM120G(A);KOM1304(C);
William Afton;G64012110059;L;P6401211042;IPB110F(B);KOM120G(A);KOM1304(C);
William Afton;G64012110060;L;P6401211042;IPB110F(B);KOM120G(A);KOM1304(C);
William Afton;G64012110061;L;P6401211042;IPB110F(B);KOM120G(A);KOM1304(C);
William Afton;G64012110062;L;P6401211042;IPB110F(B);KOM120G(A);KOM1304(C);
William Afton;G64012110063;L;P6401211042;IPB110F(B);KOM120G(A);KOM1304(C);
William Afton;G64012110064;L;P6401211042;IPB110F(B);KOM120G(A);KOM1304(C);
William Afton;G64012110065;L;P6401211042;IPB110F(B);KOM120G(A);KOM1304(C);
William Afton;G64012110066;L;P6401211042;IPB110F(B);KOM120G(A);KOM1304(C);
William Afton;G64012110067;L;P6401211042;IPB110F(B);KOM120G(A);KOM1304(C);
William Afton;G64012110068;L;P6401211042;IPB110F(B);KOM120G(A);KOM1304(C);
William Afton;G64012110069;L;P6401211042;IPB110F(B);KOM120G(A);KOM1304(C);
William Afton;G64012110070;L;P6401211042;IPB110F(B);KOM120G(A);KOM1304(C);
William Afton;G64012110071;L;P6401211042;IPB110F(B);KOM120G(A);KOM1304(C);
William Afton;G64012110072;L;P6401211042;IPB110F(B);KOM120G(A);KOM1304(C);
William Afton;G64012110073;L;P6401211042;IPB110F(B);KOM120G(A);KOM1304(C);
William Afton;G64012110074;L;P6401211042;IPB110F(B);KOM120G(A);KOM1304(C);
William Afton;G64012110075;L;P6401211042;IPB110F(B);KOM120G(A);KOM1304(C);
William Afton;G64012110076;L;P6401211042;IPB110F(B);KOM120G(A);KOM1304(C);
William Afton;G64012110077;L;P6401211042;IPB110F(B);KOM120G(A);KOM1304(C);
William Afton;G64012110078;L;P6401211042;IPB110F(B);KOM120G(A);KOM1304(C);
William Afton;G64012110079;L;P6401211042;IPB110F(B);KOM120G(A);KOM1304(C);
William Afton;G64012110080;L;P6401211042;IPB110F(B);KOM120G(A);KOM1304(C);
William Afton;G64012110081;L;P6401211042;IPB110F(B);KOM120G(A);KOM1304(C);
William Afton;G64012110082;L;P6401211042;IPB110F(B);KOM120G(A);KOM1304(C);
William Afton;G64012110083;L;P6401211042;IPB110F(B);KOM120G(A);KOM1304(C);
William Afton;G64012110084;L;P6401211042;IPB110F(B);KOM120G(A);KOM1304(C);
William Afton;G64012110085;L;P6401211042;IPB110F(B);KOM120G(A);KOM1304(C);
William Afton;G64012110086;L;P6401211042;IPB110F(B);KOM120G(A);KOM1304(C);
William Afton;G64012110087;L;P6401211042;IPB110F(B);KOM120G(A);KOM1304(C);
William Afton;G64012110088;L;P6401211042;IPB110F(B);KOM120G(A);KOM1304(C);
William Afton;G64012110089;L;P6401211042;IPB110F(B);KOM120G(A);KOM1304(C);
William Afton;G64012110090;L;P6401211042;IPB110F(B);KOM120G(A);KOM1304(C);
William Afton;G64012110091;L;P6401211042;IPB110F(B);KOM120G(A);KOM1304(C);
William Afton;G64012110092;L;P6401211042;IPB110F(B);KOM120G(A);KOM1304(C);
William Afton;G64012110093;L;P6401211042;IPB110F(B);KOM120G(A);KOM1304(C);
William Afton;G64012110094;L;P6401211042;IPB110F(B);KOM120G(A);KOM1304(C);
William Afton;G64012110095;L;P6401211042;IPB110F(B);KOM120G(A);KOM1304(C);
William Afton;G64012110096;L;P6401211042;IPB110F(B);KOM120G(A);KOM1304(C);
William Afton;G64012110097;L;P6401211042;IPB110F(B);KOM120G(A);KOM1304(C);
William Afton;G64012110098;L;P6401211042;IPB110F(B);KOM120G(A);KOM1304(C);
William Afton;G64012110099;L;P6401211042;IPB110F(B);KOM120G(A);KOM1304(C);
William Afton;G640121100100;L;P6401211042;IPB110F(B);KOM120G(A);KOM1304(C);
William Afton;G640121100101;L;P6401211042;IPB110F(B);KOM120G(A);KOM1304(C);
William Afton;G640121100102;L;P6401211042;IPB110F(B);KOM120G(A);KOM1304(C);
William Afton;G640121100103;L;P6401211042;IPB110F(B);KOM120G(A);KOM1304(C);
William Afton;G640121100104;L;P6401211042;IPB110F(B);KOM120G(A);KOM1304(C);
William Afton;G640121100105;L;P6401211042;IPB110F(B);KOM120G(A);KOM1304(C);
William Afton;G640121100106;L;P6401211042;IPB110F(B);KOM120G(A);KOM1304(C);
William Afton;G640121100107;L;P6401211042;IPB110F(B);KOM120G(A);KOM1304(C);
William Afton;G640121100108;L;P6401211042;IPB110F(B);KOM120G(A);KOM1304(C);
William Afton;G640121100109;L;P6401211042;IPB110F(B);KOM120G(A);KOM1304(C);
William Afton;G640121100110;L;P6401211042;IPB110F(B);KOM120G(A);KOM1304(C);
William Afton;G640121100111;L;P6401211042;IPB110F(B);KOM120G(A);KOM1304(C);
William Afton;G640121100112;L;P6401211042;IPB110F(B);KOM120G(A);KOM1304(C);
William Afton;G640121100113;L;P6401211042;IPB110F(B);KOM120G(A);KOM1304(C);
William Afton;G640121100114;L;P6401211042;IPB110F(B);KOM120G(A);KOM1304(C);
William Afton;G640121100115;L;P6401211042;IPB110F(B);KOM120G(A);KOM1304(C);
William Afton;G640121100116;L;P6401211042;IPB110F(B);KOM120G(A);KOM1304(C);
William Afton;G640121100117;L;P6401211042;IPB110F(B);KOM120G(A);KOM1304(C);
William Afton;G640121100118;L;P6401211042;IPB110F(B);KOM120G(A);KOM1304(C);
William Afton;G640121100119;L;P6401211042;IPB110F(B);KOM120G(A);KOM1304(C);
William Afton;G640121100120;L;P6401211042;IPB110F(B);KOM120G(A);KOM1304(C);
William Afton;G640121100121;L;P6401211042;IPB110F(B);KOM120G(A);KOM1304(C);
William Afton;G640121100122;L;P6401211042;IPB110F(B);KOM120G(A);KOM1304(C);
William Afton;G640121100123;L;P6401211042;IPB110F(B);KOM120G(A);KOM1304(C);
William Afton;G640121100124;L;P6401211042;IPB110F(B);KOM120G(A);KOM1304(C);
William Afton;G640121100125;L;P6401211042;IPB110F(B);KOM120G(A);KOM1304(C);
William Afton;G640121100126;L;P6401211042;IPB110F(B);KOM120G(A);KOM1304(C);
William Afton;G640121100127;L;P6401211042;IPB110F(B);KOM120G(A);KOM1304(C);
William Afton;G640121100128;L;P6401211042;IPB110F(B);KOM120G(A);KOM1304(C);
William Afton;G640121100129;L;P6401211042;IPB110F(B);KOM120G(A);KOM1304(C);
William Afton;G640121100130;L;P6401211042;IPB110F(B);KOM120G(A);KOM1304(C);
William Afton;G640121100131;L;P6401211042;IPB110F(B);KOM120G(A);KOM1304(C);
William Afton;G640121100132;L;P6401211042;IPB110F(B);KOM120G(A);KOM1304(C);
William Afton;G640121100133;L;P6401211042;IPB110F(B);KOM120G(A);KOM1304(C);
William Afton;G640121100134;L;P6401211042;IPB110F(B);KOM120G(A);KOM1304(C);
William Afton;G640121100135;L;P6401211042;IPB110F(B);KOM120G(A);KOM1304(C);
William Afton;G640121100136;L;P6401211042;IPB110F(B);KOM120G(A);KOM1304(C);
William Afton;G640121100137;L;P6401211042;IPB110F(B);KOM120G(A);KOM1304(C);
William Afton;G640121100138;L;P6401211042;IPB110F(B);KOM120G(A);KOM1304(C);
William Afton;G640121100139;L;P6401211042;IPB110F(B);KOM120G(A);KOM1304(C);
William Afton;G640121100140;L;P6401211042;IPB110F(B);KOM120G(A);KOM1304(C);
William Afton;G640121100141;L;P6401211042;IPB110F(B);KOM120G(A);KOM1304(C);
William Afton;G640121100142;L;P6401211042;IPB110F(B);KOM120G(A);KOM1304(C);
William Afton;G640121100143;L;P6401211042;IPB110F(B);KOM120G(A);KOM1304(C);
William Afton;G640121100144;L;P6401211042;IPB110F(B);KOM120G(A);KOM1304(C);
William Afton;G640121100145;L;P6401211042;IPB110F(B);KOM120G(A);KOM1304(C);
William Afton;G640121100146;L;P6401211042;IPB110F(B);KOM120G(A);KOM1304(C);
William Afton;G640121100147;L;P6401211042;IPB110F(B);KOM120G(A);KOM1304(C);
William Afton;G640121100148;L;P6401211042;IPB110F(B);KOM120G(A);KOM1304(C);
William Afton;G640121100149;L;P6401211042;IPB110F(B);KOM120G(A);KOM1304(C);
William Afton;G640121100150;L;P6401211042;IPB110F(B);KOM120G(A);KOM1304(C);
William Afton;G640121100151;L;P6401211042;IPB110F(B);KOM120G(A);KOM1304(C);
William Afton;G640121100152;L;P6401211042;IPB110F(B);KOM120G(A);KOM1304(C);
William Afton;G640121100153;L;P6401211042;IPB110F(B);KOM120G(A);KOM1304(C);
William Afton;G640121100154;L;P6401211042;IPB110F(B);KOM120G(A);KOM1304(C);
William Afton;G640121100155;L;P6401211042;IPB110F(B);KOM120G(A);KOM1304(C);
William Afton;G640121100156;L;P6401211042;IPB110F(B);KOM120G(A);KOM1304(C);
William Afton;G640121100157;L;P6401211042;IPB110F(B);KOM120G(A);KOM1304(C);
William Afton;G640121100158;L;P6401211042;IPB110F(B);KOM120G(A);KOM1304(C);
William Afton;G640121100159;L;P6401211042;IPB110F(B);KOM120G(A);KOM1304(C);
William Afton;G640121100160;L;P6401211042;IPB110F(B);KOM120G(A);KOM1304(C);
William Afton;G640121100161;L;P6401211042;IPB110F(B);KOM120G(A);KOM1304(C);
William Afton;G640121100162;L;P6401211042;IPB110F(B);KOM120G(A);KOM1304(C);
William Afton;G640121100163;L;P6401211042;IPB110F(B);KOM120G(A);KOM1304(C);
William Afton;G640121100164;L;P6401211042;IPB110F(B);KOM120G(A);KOM1304(C);
William Afton;G640121100165;L;P6401211042;IPB110F(B);KOM120G(A);KOM1304(C);
William Afton;G640121100166;L;P6401211042;IPB110F(B);KOM120G(A);KOM1304(C);
William Afton;G640121100167;L;P6401211042;IPB110F(B);KOM120G(A);KOM1304(C);
William Afton;G640121100168;L;P6401211042;IPB110F(B);KOM120G(A);KOM1304(C);
William Afton;G640121100169;L;P6401211042;IPB110F(B);KOM120G(A);KOM1304(C);
William Afton;G640121100170;L;P6401211042;IPB110F(B);KOM120G(A);KOM1304(C);
William Afton;G640121100171;L;P6401211042;IPB110F(B);KOM120G(A);KOM1304(C);
William Afton;G640121100172;L;P6401211042;IPB110F(B);KOM120G(A);KOM1304(C);
William Afton;G640121100173;L;P6401211042;IPB110F(B);KOM120G(A);KOM1304(C);
William Afton;G640121100174;L;P6401211042;IPB110F(B);KOM120G(A);KOM1304(C);
William Afton;G640121100175;L;P6401211042;IPB110F(B);KOM120G(A);KOM1304(C);
William Afton;G640121100176;L;P6401211042;IPB110F(B);KOM120G(A);KOM1304(C);
William Afton;G640121100177;L;P6401211042;IPB110F(B);KOM120G(A);KOM1304(C);
William Afton;G640121100178;L;P6401211042;IPB110F(B);KOM120G(A);KOM1304(C);
William Afton;G640121100179;L;P6401211042;IPB110F(B);KOM120G(A);KOM1304(C);
William Afton;G640121100180;L;P6401211042;IPB110F(B);KOM120G(A);KOM1304(C);
William Afton;G640121100181;L;P6401211042;IPB110F(B);KOM120G(A);KOM1304(C);
William Afton;G640121100182;L;P6401211042;IPB110F(B);KOM120G(A);KOM1304(C);
William Afton;G640121100183;L;P6401211042;IPB110F(B);KOM120G(A);KOM1304(C);
William Afton;G640121100184;L;P6401211042;IPB110F(B);KOM120G(A);KOM1304(C);
William Afton;G640121100185;L;P6401211042;IPB110F(B);KOM120G(A);KOM1304(C);
William Afton;G640121100186;L;P6401211042;IPB110F(B);KOM120G(A);KOM1304(C);
William Afton;G640121100187;L;P6401211042;IPB110F(B);KOM120G(A);KOM1304(C);
William Afton;G640121100188;L;P6401211042;IPB110F(B);KOM120G(A);KOM1304(C);
William Afton;G640121100189;L;P6401211042;IPB110F(B);KOM120G(A);KOM1304(C);
William Afton;G640121100190;L;P6401211042;IPB110F(B);KOM120G(A);KOM1304(C);
William Afton;G640121100191;L;P6401211042;IPB110F(B);KOM120G(A);KOM1304(C);
William Afton;G640121100192;L;P6401211042;IPB110F(B);KOM120G(A);KOM1304(C);
William Afton;G640121100193;L;P6401211042;IPB110F(B);KOM120G(A);KOM1304(C);
William Afton;G640121100194;L;P6401211042;IPB110F(B);KOM120G(A);KOM1304(C);
William Afton;G640121100195;L;P6401211042;IPB110F(B);KOM120G(A);KOM1304(C);
William Afton;G640121100196;L;P6401211042;IPB110F(B);KOM120G(A);KOM1304(C);
William Afton;G640121100197;L;P6401211042;IPB110F(B);KOM120G(A);KOM1304(C);
William Afton;G640121100198;L;P6401211042;IPB110F(B);KOM120G(A);KOM1304(C);
William Afton;G640121100199;L;P6401211042;IPB110F(B);KOM120G(A);KOM1304(C);
William Afton;G640121100200;L;P6401211042;IPB110F(B);KOM120G(A);KOM1304(C);
William Afton;G640121100201;L;P6401211042;IPB110F(B);KOM120G(A);KOM1304(C);
William Afton;G640121100202;L;P6401211042;IPB110F(B);KOM120G(A);KOM1304(C);
William Afton;G640121100203;L;P6401211042;IPB110F(B);KOM120G(A);KOM1304(C);
William Afton;G640121100204;L;P6401211042;IPB110F(B);KOM120G(A);KOM1304(C);
William Afton;G640121100205;L;P6401211042;IPB110F(B);KOM120G(A);KOM1304(C);
William Afton;G640121100206;L;P6401211042;IPB110F(B);KOM120G(A);KOM1304(C);
William Afton;G640121100207;L;P6401211042;IPB110F(B);KOM120G(A);KOM1304(C);
William Afton;G640121100208;L;P6401211042;IPB110F(B);KOM120G(A);KOM1304(C);
William Afton;G640121100209;L;P6401211042;IPB110F(B);KOM120G(A);KOM1304(C);
William Afton;G640121100210;L;P6401211042;IPB110F(B);KOM120G(A);KOM1304(C);
William Afton;G640121100211;L;P6401211042;IPB110F(B);KOM120G(A);KOM1304(C);
William Afton;G640121100212;L;P6401211042;IPB110F(B);KOM120G(A);KOM1304(C);
William Afton;G640121100213;L;P6401211042;IPB110F(B);KOM120G(A);KOM1304(C);
William Afton;G640121100214;L;P6401211042;IPB110F(B);KOM120G(A);KOM1304(C);
William Afton;G640121100215;L;P6401211042;IPB110F(B);KOM120G(A);KOM1304(C);
William Afton;G640121100216;L;P6401211042;IPB110F(B);KOM120G(A);KOM1304(C);
William Afton;G640121100217;L;P6401211042;IPB110F(B);KOM120G(A);KOM1304(C);
William Afton;G640121100218;L;P6401211042;IPB110F(B);KOM120G(A);KOM1304(C);
William Afton;G640121100219;L;P6401211042;IPB110F(B);KOM120G(A);KOM1304(C);
William Afton;G640121100220;L;P6401211042;IPB110F(B);KOM120G(A);KOM1304(C);
William Afton;G640121100221;L;P6401211042;IPB110F(B);KOM120G(A);KOM1304(C);
William Afton;G640121100222;L;P6401211042;IPB110F(B);KOM120G(A);KOM1304(C);
William Afton;G640121100223;L;P6401211042;IPB110F(B);KOM120G(A);KOM1304(C);
William Afton;G640121100224;L;P6401211042;IPB110F(B);KOM120G(A);KOM1304(C);
William Afton;G640121100225;L;P6401211042;IPB110F(B);KOM120G(A);KOM1304(C);
William Afton;G640121100226;L;P6401211042;IPB110F(B);KOM120G(A);KOM1304(C);
William Afton;G640121100227;L;P6401211042;IPB110F(B);KOM120G(A);KOM1304(C);
William Afton;G640121100228;L;P6401211042;IPB110F(B);KOM120G(A);KOM1304(C);
William Afton;G640121100229;L;P6401211042;IPB110F(B);KOM120G(A);KOM1304(C);
William Afton;G640121100230;L;P6401211042;IPB110F(B);KOM120G(A);KOM1304(C);
William Afton;G640121100231;L;P6401211042;IPB110F(B);KOM120G(A);KOM1304(C);
William Afton;G640121100232;L;P6401211042;IPB110F(B);KOM120G(A);KOM1304(C);
William Afton;G640121100233;L;P6401211042;IPB110F(B);KOM120G(A);KOM1304(C);
William Afton;G640121100234;L;P6401211042;IPB110F(B);KOM120G(A);KOM1304(C);
William Afton;G640121100235;L;P6401211042;IPB110F(B);KOM120G(A);KOM1304(C);
William Afton;G640121100236;L;P6401211042;IPB110F(B);KOM120G(A);KOM1304(C);
William Afton;G640121100237;L;P6401211042;IPB110F(B);KOM120G(A);KOM1304(C);
William Afton;G640121100238;L;P6401211042;IPB110F(B);KOM120G(A);KOM1304(C);
William Afton;G640121100239;L;P6401211042;IPB110F(B);KOM120G(A);KOM1304(C);
William Afton;G640121100240;L;P6401211042;IPB110F(B);KOM120G(A);KOM1304(C);
William Afton;G640121100241;L;P6401211042;IPB110F(B);KOM120G(A);KOM1304(C);
William Afton;G640121100242;L;P6401211042;IPB110F(B);KOM120G(A);KOM1304(C);
William Afton;G640121100243;L;P6401211042;IPB110F(B);KOM120G(A);KOM1304(C);
William Afton;G640121100244;L;P6401211042;IPB110F(B);KOM120G(A);KOM1304(C);
William Afton;G640121100245;L;P6401211042;IPB110F(B);KOM120G(A);KOM1304(C);
William Afton;G640121100246;L;P6401211042;IPB110F(B);KOM120G(A);KOM1304(C);
William Afton;G640121100247;L;P6401211042;IPB110F(B);KOM120G(A);KOM1304(C);
William Afton;G640121100248;L;P6401211042;IPB110F(B);KOM120G(A);KOM1304(C);
William Afton;G640121100249;L;P6401211042;IPB110F(B);KOM120G(A);KOM1304(C);
William Afton;G640121100250;L;P6401211042;IPB110F(B);KOM120G(A);KOM1304(C);
William Afton;G640121100251;L;P6401211042;IPB110F(B);KOM120G(A);KOM1304(C);
William Afton;G640121100252;L;P6401211042;IPB110F(B);KOM120G(A);KOM1304(C);
William Afton;G640121100253;L;P6401211042;IPB110F(B);KOM120G(A);KOM1304(C);
William Afton;G640121100254;L;P6401211042;IPB110F(B);KOM120G(A);KOM1304(C);
William Afton;G640121100255;L;P6401211042;IPB110F(B);KOM120G(A);KOM1304(C);
William Afton;G640121100256;L;P6401211042;IPB110F(B);KOM120G(A);KOM1304(C);
William Afton;G640121100257;L;P6401211042;IPB110F(B);KOM120G(A);KOM1304(C);
William Afton;G640121100258;L;P6401211042;IPB110F(B);KOM120G(A);KOM1304(C);
William Afton;G640121100259;L;P6401211042;IPB110F(B);KOM120G(A);KOM1304(C);
William Afton;G640121100260;L;P6401211042;IPB110F(B);KOM120G(A);KOM1304(C);
William Afton;G640121100261;L;P6401211042;IPB110F(B);KOM120G(A);KOM1304(C);
William Afton;G640121100262;L;P6401211042;IPB110F(B);KOM120G(A);KOM1304(C);
William Afton;G640121100263;L;P6401211042;IPB110F(B);KOM120G(A);KOM1304(C);
William Afton;G640121100264;L;P6401211042;IPB110F(B);KOM120G(A);KOM1304(C);
William Afton;G640121100265;L;P6401211042;IPB110F(B);KOM120G(A);KOM1304(C);
William Afton;G640121100266;L;P6401211042;IPB110F(B);KOM120G(A);KOM1304(C);
William Afton;G640121100267;L;P6401211042;IPB110F(B);KOM120G(A);KOM1304(C);
William Afton;G640121100268;L;P6401211042;IPB110F(B);KOM120G(A);KOM1304(C);
William Afton;G640121100269;L;P6401211042;IPB110F(B);KOM120G(A);KOM1304(C);
William Afton;G640121100270;L;P6401211042;IPB110F(B);KOM120G(A);KOM1304(C);
William Afton;G640121100271;L;P6401211042;IPB110F(B);KOM120G(A);KOM1304(C);
William Afton;G640121100272;L;P6401211042;IPB110F(B);KOM120G(A);KOM1304(C);
William Afton;G640121100273;L;P6401211042;IPB110F(B);KOM120G(A);KOM1304(C);
William Afton;G640121100274;L;P6401211042;IPB110F(B);KOM120G(A);KOM1304(C);
William Afton;G640121100275;L;P6401211042;IPB110F(B);KOM120G(A);KOM1304(C);
William Afton;G640121100276;L;P6401211042;IPB110F(B);KOM120G(A);KOM1304(C);
William Afton;G640121100277;L;P6401211042;IPB110F(B);KOM120G(A);KOM1304(C);
William Afton;G640121100278;L;P6401211042;IPB110F(B);KOM120G(A);KOM1304(C);
William Afton;G640121100279;L;P6401211042;IPB110F(B);KOM120G(A);KOM1304(C);
William Afton;G640121100280;L;P6401211042;IPB110F(B);KOM120G(A);KOM1304(C);
William Afton;G640121100281;L;P6401211042;IPB110F(B);KOM120G(A);KOM1304(C);
William Afton;G640121100282;L;P6401211042;IPB110F(B);KOM120G(A);KOM1304(C);
William Afton;G640121100283;L;P6401211042;IPB110F(B);KOM120G(A);KOM1304(C);
William Afton;G640121100284;L;P6401211042;IPB110F(B);KOM120G(A);KOM1304(C);
William Afton;G640121100285;L;P6401211042;IPB110F(B);KOM120G(A);KOM1304(C);
William Afton;G640121100286;L;P6401211042;IPB110F(B);KOM120G(A);KOM1304(C);
William Afton;G640121100287;L;P6401211042;IPB110F(B);KOM120G(A);KOM1304(C);
William Afton;G640121100288;L;P6401211042;IPB110F(B);KOM120G(A);KOM1304(C);
William Afton;G640121100289;L;P6401211042;IPB110F(B);KOM120G(A);KOM1304(C);
William Afton;G640121100290;L;P6401211042;IPB110F(B);KOM120G(A);KOM1304(C);
William Afton;G640121100291;L;P6401211042;IPB110F(B);KOM120G(A);KOM1304(C);
William Afton;G640121100292;L;P6401211042;IPB110F(B);KOM120G(A);KOM1304(C);
William Afton;G640121100293;L;P6401211042;IPB110F(B);KOM120G(A);KOM1304(C);
William Afton;G640121100294;L;P6401211042;IPB110F(B);KOM120G(A);KOM1304(C);
William Afton;G640121100295;L;P6401211042;IPB110F(B);KOM120G(A);KOM1304(C);
William Afton;G640121100296;L;P6401211042;IPB110F(B);KOM120G(A);KOM1304(C);
William Afton;G640121100297;L;P6401211042;IPB110F(B);KOM120G(A);KOM1304(C);
William Afton;G640121100298;L;P6401211042;IPB110F(B);KOM120G(A);KOM1304(C);
William Afton;G640121100299;L;P6401211042;IPB110F(B);KOM120G(A);KOM1304(C);
William Afton;G640121100300;L;P6401211042;IPB110F(B);KOM120G(A);KOM1304(C);
William Afton;G640121100301;L;P6401211042;IPB110F(B);KOM120G(A);KOM1304(C);
William Afton;G640121100302;L;P6401211042;IPB110F(B);KOM120G(A);KOM1304(C);
William Afton;G640121100303;L;P6401211042;IPB110F(B);KOM120G(A);KOM1304(C);
William Afton;G640121100304;L;P6401211042;IPB110F(B);KOM120G(A);KOM1304(C);
William Afton;G640121100305;L;P6401211042;IPB110F(B);KOM120G(A);KOM1304(C);
William Afton;G640121100306;L;P6401211042;IPB110F(B);KOM120G(A);KOM1304(C);
William Afton;G640121100307;L;P6401211042;IPB110F(B);KOM120G(A);KOM1304(C);
William Afton;G640121100308;L;P6401211042;IPB110F(B);KOM120G(A);KOM1304(C);
William Afton;G640121100309;L;P6401211042;IPB110F(B);KOM120G(A);KOM1304(C);
William Afton;G640121100310;L;P6401211042;IPB110F(B);KOM120G(A);KOM1304(C);
William Afton;G640121100311;L;P6401211042;IPB110F(B);KOM120G(A);KOM1304(C);
William Afton;G640121100312;L;P6401211042;IPB110F(B);KOM120G(A);KOM1304(C);
William Afton;G640121100313;L;P6401211042;IPB110F(B);KOM120G(A);KOM1304(C);
William Afton;G640121100314;L;P6401211042;IPB110F(B);KOM120G(A);KOM1304(C);
William Afton;G640121100315;L;P6401211042;IPB110F(B);KOM120G(A);KOM1304(C);
William Afton;G640121100316;L;P6401211042;IPB110F(B);KOM120G(A);KOM1304(C);
William Afton;G640121100317;L;P6401211042;IPB110F(B);KOM120G(A);KOM1304(C);
William Afton;G640121100318;L;P6401211042;IPB110F(B);KOM120G(A);KOM1304(C);
William Afton;G640121100319;L;P6401211042;IPB110F(B);KOM120G(A);KOM1304(C);
William Afton;G640121100320;L;P6401211042;IPB110F(B);KOM120G(A);KOM1304(C);
William Afton;G640121100321;L;P6401211042;IPB110F(B);KOM120G(A);KOM1304(C);
William Afton;G640121100322;L;P6401211042;IPB110F(B);KOM120G(A);KOM1304(C);
William Afton;G640121100323;L;P6401211042;IPB110F(B);KOM120G(A);KOM1304(C);
William Afton;G640121100324;L;P6401211042;IPB110F(B);KOM120G(A);KOM1304(C);
William Afton;G640121100325;L;P6401211042;IPB110F(B);KOM120G(A);KOM1304(C);
William Afton;G640121100326;L;P6401211042;IPB110F(B);KOM120G(A);KOM1304(C);
William Afton;G640121100327;L;P6401211042;IPB110F(B);KOM120G(A);KOM1304(C);
William Afton;G640121100328;L;P6401211042;IPB110F(B);KOM120G(A);KOM1304(C);
William Afton;G640121100329;L;P6401211042;IPB110F(B);KOM120G(A);KOM1304(C);
William Afton;G640121100330;L;P6401211042;IPB110F(B);KOM120G(A);KOM1304(C);
William Afton;G640121100331;L;P6401211042;IPB110F(B);KOM120G(A);KOM1304(C);
William Afton;G640121100332;L;P6401211042;IPB110F(B);KOM120G(A);KOM1304(C);
William Afton;G640121100333;L;P6401211042;IPB110F(B);KOM120G(A);KOM1304(C);
William Afton;G640121100334;L;P6401211042;IPB110F(B);KOM120G(A);KOM1304(C);
William Afton;G640121100335;L;P6401211042;IPB110F(B);KOM120G(A);KOM1304(C);
William Afton;G640121100336;L;P6401211042;IPB110F(B);KOM120G(A);KOM1304(C);
William Afton;G640121100337;L;P6401211042;IPB110F(B);KOM120G(A);KOM1304(C);
William Afton;G640121100338;L;P6401211042;IPB110F(B);KOM120G(A);KOM1304(C);
William Afton;G640121100339;L;P6401211042;IPB110F(B);KOM120G(A);KOM1304(C);
William Afton;G640121100340;L;P6401211042;IPB110F(B);KOM120G(A);KOM1304(C);
William Afton;G640121100341;L;P6401211042;IPB110F(B);KOM120G(A);KOM1304(C);
William Afton;G640121100342;L;P6401211042;IPB110F(B);KOM120G(A);KOM1304(C);
William Afton;G640121100343;L;P6401211042;IPB110F(B);KOM120G(A);KOM1304(C);
William Afton;G640121100344;L;P6401211042;IPB110F(B);KOM120G(A);KOM1304(C);
William Afton;G640121100345;L;P6401211042;IPB110F(B);KOM120G(A);KOM1304(C);
William Afton;G640121100346;L;P6401211042;IPB110F(B);KOM120G(A);KOM1304(C);
William Afton;G640121100347;L;P6401211042;IPB110F(B);KOM120G(A);KOM1304(C);
William Afton;G640121100348;L;P6401211042;IPB110F(B);KOM120G(A);KOM1304(C);
William Afton;G640121100349;L;P6401211042;IPB110F(B);KOM120G(A);KOM1304(C);
William Afton;G640121100350;L;P6401211042;IPB110F(B);KOM120G(A);KOM1304(C);
William Afton;G640121100351;L;P6401211042;IPB110F(B);KOM120G(A);KOM1304(C);
William Afton;G640121100352;L;P6401211042;IPB110F(B);KOM120G(A);KOM1304(C);
William Afton;G640121100353;L;P6401211042;IPB110F(B);KOM120G(A);KOM1304(C);
William Afton;G640121100354;L;P6401211042;IPB110F(B);KOM120G(A);KOM1304(C);
William Afton;G640121100355;L;P6401211042;IPB110F(B);KOM120G(A);KOM1304(C);
William Afton;G640121100356;L;P6401211042;IPB110F(B);KOM120G(A);KOM1304(C);
William Afton;G640121100357;L;P6401211042;IPB110F(B);KOM120G(A);KOM1304(C);
William Afton;G640121100358;L;P6401211042;IPB110F(B);KOM120G(A);KOM1304(C);
William Afton;G640121100359;L;P6401211042;IPB110F(B);KOM120G(A);KOM1304(C);
William Afton;G640121100360;L;P6401211042;IPB110F(B);KOM120G(A);KOM1304(C);
William Afton;G640121100361;L;P6401211042;IPB110F(B);KOM120G(A);KOM1304(C);
William Afton;G640121100362;L;P6401211042;IPB110F(B);KOM120G(A);KOM1304(C);
William Afton;G640121100363;L;P6401211042;IPB110F(B);KOM120G(A);KOM1304(C);
William Afton;G640121100364;L;P6401211042;IPB110F(B);KOM120G(A);KOM1304(C);
William Afton;G640121100365;L;P6401211042;IPB110F(B);KOM120G(A);KOM1304(C);
William Afton;G640121100366;L;P6401211042;IPB110F(B);KOM120G(A);KOM1304(C);
William Afton;G640121100367;L;P6401211042;IPB110F(B);KOM120G(A);KOM1304(C);
William Afton;G640121100368;L;P6401211042;IPB110F(B);KOM120G(A);KOM1304(C);
William Afton;G640121100369;L;P6401211042;IPB110F(B);KOM120G(A);KOM1304(C);
William Afton;G640121100370;L;P6401211042;IPB110F(B);KOM120G(A);KOM1304(C);
William Afton;G640121100371;L;P6401211042;IPB110F(B);KOM120G(A);KOM1304(C);
William Afton;G640121100372;L;P6401211042;IPB110F(B);KOM120G(A);KOM1304(C);
William Afton;G640121100373;L;P6401211042;IPB110F(B);KOM120G(A);KOM1304(C);
William Afton;G640121100374;L;P6401211042;IPB110F(B);KOM120G(A);KOM1304(C);
William Afton;G640121100375;L;P6401211042;IPB110F(B);KOM120G(A);KOM1304(C);
William Afton;G640121100376;L;P6401211042;IPB110F(B);KOM120G(A);KOM1304(C);
William Afton;G640121100377;L;P6401211042;IPB110F(B);KOM120G(A);KOM1304(C);
William Afton;G640121100378;L;P6401211042;IPB110F(B);KOM120G(A);KOM1304(C);
William Afton;G640121100379;L;P6401211042;IPB110F(B);KOM120G(A);KOM1304(C);
William Afton;G640121100380;L;P6401211042;IPB110F(B);KOM120G(A);KOM1304(C);
William Afton;G640121100381;L;P6401211042;IPB110F(B);KOM120G(A);KOM1304(C);
William Afton;G640121100382;L;P6401211042;IPB110F(B);KOM120G(A);KOM1304(C);
William Afton;G640121100383;L;P6401211042;IPB110F(B);KOM120G(A);KOM1304(C);
William Afton;G640121100384;L;P6401211042;IPB110F(B);KOM120G(A);KOM1304(C);
William Afton;G640121100385;L;P6401211042;IPB110F(B);KOM120G(A);KOM1304(C);
William Afton;G640121100386;L;P6401211042;IPB110F(B);KOM120G(A);KOM1304(C);
William Afton;G640121100387;L;P6401211042;IPB110F(B);KOM120G(A);KOM1304(C);
William Afton;G640121100388;L;P6401211042;IPB110F(B);KOM120G(A);KOM1304(C);
William Afton;G640121100389;L;P6401211042;IPB110F(B);KOM120G(A);KOM1304(C);
William Afton;G640121100390;L;P6401211042;IPB110F(B);KOM120G(A);KOM1304(C);
William Afton;G640121100391;L;P6401211042;IPB110F(B);KOM120G(A);KOM1304(C);
William Afton;G640121100392;L;P6401211042;IPB110F(B);KOM120G(A);KOM1304(C);
William Afton;G640121100393;L;P6401211042;IPB110F(B);KOM120G(A);KOM1304(C);
William Afton;G640121100394;L;P6401211042;IPB110F(B);KOM120G(A);KOM1304(C);
William Afton;G640121100395;L;P6401211042;IPB110F(B);KOM120G(A);KOM1304(C);
William Afton;G640121100396;L;P6401211042;IPB110F(B);KOM120G(A);KOM1304(C);
William Afton;G640121100397;L;P6401211042;IPB110F(B);KOM120G(A);KOM1304(C);
William Afton;G640121100398;L;P6401211042;IPB110F(B);KOM120G(A);KOM1304(C);
William Afton;G640121100399;L;P6401211042;IPB110F(B);KOM120G(A);KOM1304(C);
William Afton;G640121100400;L;P6401211042;IPB110F(B);KOM120G(A);KOM1304(C);
William Afton;G640121100401;L;P6401211042;IPB110F(B);KOM120G(A);KOM1304(C);
William Afton;G640121100402;L;P6401211042;IPB110F(B);KOM120G(A);KOM1304(C);
William Afton;G640121100403;L;P6401211042;IPB110F(B);KOM120G(A);KOM1304(C);
William Afton;G640121100404;L;P6401211042;IPB110F(B);KOM120G(A);KOM1304(C);
William Afton;G640121100405;L;P6401211042;IPB110F(B);KOM120G(A);KOM1304(C);
William Afton;G640121100406;L;P6401211042;IPB110F(B);KOM120G(A);KOM1304(C);
William Afton;G640121100407;L;P6401211042;IPB110F(B);KOM120G(A);KOM1304(C);
William Afton;G640121100408;L;P6401211042;IPB110F(B);KOM120G(A);KOM1304(C);
William Afton;G640121100409;L;P6401211042;IPB110F(B);KOM120G(A);KOM1304(C);
William Afton;G640121100410;L;P6401211042;IPB110F(B);KOM120G(A);KOM1304(C);
William Afton;G640121100411;L;P6401211042;IPB110F(B);KOM120G(A);KOM1304(C);
William Afton;G640121100412;L;P6401211042;IPB110F(B);KOM120G(A);KOM1304(C);
William Afton;G640121100413;L;P6401211042;IPB110F(B);KOM120G(A);KOM1304(C);
William Afton;G640121100414;L;P6401211042;IPB110F(B);KOM120G(A);KOM1304(C);
William Afton;G640121100415;L;P6401211042;IPB110F(B);KOM120G(A);KOM1304(C);
William Afton;G640121100416;L;P6401211042;IPB110F(B);KOM120G(A);KOM1304(C);
William Afton;G640121100417;L;P6401211042;IPB110F(B);KOM120G(A);KOM1304(C);
William Afton;G640121100418;L;P6401211042;IPB110F(B);KOM120G(A);KOM1304(C);
William Afton;G640121100419;L;P6401211042;IPB110F(B);KOM120G(A);KOM1304(C);
William Afton;G640121100420;L;P6401211042;IPB110F(B);KOM120G(A);KOM1304(C);
William Afton;G640121100421;L;P6401211042;IPB110F(B);KOM120G(A);KOM1304(C);
William Afton;G640121100422;L;P6401211042;IPB110F(B);KOM120G(A);KOM1304(C);
William Afton;G640121100423;L;P6401211042;IPB110F(B);KOM120G(A);KOM1304(C);
William Afton;G640121100424;L;P6401211042;IPB110F(B);KOM120G(A);KOM1304(C);
William Afton;G640121100425;L;P6401211042;IPB110F(B);KOM120G(A);KOM1304(C);
William Afton;G640121100426;L;P6401211042;IPB110F(B);KOM120G(A);KOM1304(C);
William Afton;G640121100427;L;P6401211042;IPB110F(B);KOM120G(A);KOM1304(C);
William Afton;G640121100428;L;P6401211042;IPB110F(B);KOM120G(A);KOM1304(C);
William Afton;G640121100429;L;P6401211042;IPB110F(B);KOM120G(A);KOM1304(C);
William Afton;G640121100430;L;P6401211042;IPB110F(B);KOM120G(A);KOM1304(C);
William Afton;G640121100431;L;P6401211042;IPB110F(B);KOM120G(A);KOM1304(C);
William Afton;G640121100432;L;P6401211042;IPB110F(B);KOM120G(A);KOM1304(C);
William Afton;G640121100433;L;P6401211042;IPB110F(B);KOM120G(A);KOM1304(C);
William Afton;G640121100434;L;P6401211042;IPB110F(B);KOM120G(A);KOM1304(C);
William Afton;G640121100435;L;P6401211042;IPB110F(B);KOM120G(A);KOM1304(C);
William Afton;G640121100436;L;P6401211042;IPB110F(B);KOM120G(A);KOM1304(C);
William Afton;G640121100437;L;P6401211042;IPB110F(B);KOM120G(A);KOM1304(C);
William Afton;G640121100438;L;P6401211042;IPB110F(B);KOM120G(A);KOM1304(C);
William Afton;G640121100439;L;P6401211042;IPB110F(B);KOM120G(A);KOM1304(C);
William Afton;G640121100440;L;P6401211042;IPB110F(B);KOM120G(A);KOM1304(C);
William Afton;G640121100441;L;P6401211042;IPB110F(B);KOM120G(A);KOM1304(C);
William Afton;G640121100442;L;P6401211042;IPB110F(B);KOM120G(A);KOM1304(C);
William Afton;G640121100443;L;P6401211042;IPB110F(B);KOM120G(A);KOM1304(C);
William Afton;G640121100444;L;P6401211042;IPB110F(B);KOM120G(A);KOM1304(C);
William Afton;G640121100445;L;P6401211042;IPB110F(B);KOM120G(A);KOM1304(C);
William Afton;G640121100446;L;P6401211042;IPB110F(B);KOM120G(A);KOM1304(C);
William Afton;G640121100447;L;P6401211042;IPB110F(B);KOM120G(A);KOM1304(C);
William Afton;G640121100448;L;P6401211042;IPB110F(B);KOM120G(A);KOM1304(C);
William Afton;G640121100449;L;P6401211042;IPB110F(B);KOM120G(A);KOM1304(C);
William Afton;G640121100450;L;P6401211042;IPB110F(B);KOM120G(A);KOM1304(C);
William Afton;G640121100451;L;P6401211042;IPB110F(B);KOM120G(A);KOM1304(C);
William Afton;G640121100452;L;P6401211042;IPB110F(B);KOM120G(A);KOM1304(C);
William Afton;G640121100453;L;P6401211042;IPB110F(B);KOM120G(A);KOM1304(C);
William Afton;G640121100454;L;P6401211042;IPB110F(B);KOM120G(A);KOM1304(C);
William Afton;G640121100455;L;P6401211042;IPB110F(B);KOM120G(A);KOM1304(C);
William Afton;G640121100456;L;P6401211042;IPB110F(B);KOM120G(A);KOM1304(C);
William Afton;G640121100457;L;P6401211042;IPB110F(B);KOM120G(A);KOM1304(C);
William Afton;G640121100458;L;P6401211042;IPB110F(B);KOM120G(A);KOM1304(C);
William Afton;G640121100459;L;P6401211042;IPB110F(B);KOM120G(A);KOM1304(C);
William Afton;G640121100460;L;P6401211042;IPB110F(B);KOM120G(A);KOM1304(C);
William Afton;G640121100461;L;P6401211042;IPB110F(B);KOM120G(A);KOM1304(C);
William Afton;G640121100462;L;P6401211042;IPB110F(B);KOM120G(A);KOM1304(C);
William Afton;G640121100463;L;P6401211042;IPB110F(B);KOM120G(A);KOM1304(C);
William Afton;G640121100464;L;P6401211042;IPB110F(B);KOM120G(A);KOM1304(C);
William Afton;G640121100465;L;P6401211042;IPB110F(B);KOM120G(A);KOM1304(C);
William Afton;G640121100466;L;P6401211042;IPB110F(B);KOM120G(A);KOM1304(C);
William Afton;G640121100467;L;P6401211042;IPB110F(B);KOM120G(A);KOM1304(C);
William Afton;G640121100468;L;P6401211042;IPB110F(B);KOM120G(A);KOM1304(C);
William Afton;G640121100469;L;P6401211042;IPB110F(B);KOM120G(A);KOM1304(C);
William Afton;G640121100470;L;P6401211042;IPB110F(B);KOM120G(A);KOM1304(C);
William Afton;G640121100471;L;P6401211042;IPB110F(B);KOM120G(A);KOM1304(C);
William Afton;G640121100472;L;P6401211042;IPB110F(B);KOM120G(A);KOM1304(C);
William Afton;G640121100473;L;P6401211042;IPB110F(B);KOM120G(A);KOM1304(C);
William Afton;G640121100474;L;P6401211042;IPB110F(B);KOM120G(A);KOM1304(C);
William Afton;G640121100475;L;P6401211042;IPB110F(B);KOM120G(A);KOM1304(C);
William Afton;G640121100476;L;P6401211042;IPB110F(B);KOM120G(A);KOM1304(C);
William Afton;G640121100477;L;P6401211042;IPB110F(B);KOM120G(A);KOM1304(C);
William Afton;G640121100478;L;P6401211042;IPB110F(B);KOM120G(A);KOM1304(C);
William Afton;G640121100479;L;P6401211042;IPB110F(B);KOM120G(A);KOM1304(C);
William Afton;G640121100480;L;P6401211042;IPB110F(B);KOM120G(A);KOM1304(C);
William Afton;G640121100481;L;P6401211042;IPB110F(B);KOM120G(A);KOM1304(C);
William Afton;G640121100482;L;P6401211042;IPB110F(B);KOM120G(A);KOM1304(C);
William Afton;G640121100483;L;P6401211042;IPB110F(B);KOM120G(A);KOM1304(C);
William Afton;G640121100484;L;P6401211042;IPB110F(B);KOM120G(A);KOM1304(C);
William Afton;G640121100485;L;P6401211042;IPB110F(B);KOM120G(A);KOM1304(C);
William Afton;G640121100486;L;P6401211042;IPB110F(B);KOM120G(A);KOM1304(C);
William Afton;G640121100487;L;P6401211042;IPB110F(B);KOM120G(A);KOM1304(C);
William Afton;G640121100488;L;P6401211042;IPB110F(B);KOM120G(A);KOM1304(C);
William Afton;G640121100489;L;P6401211042;IPB110F(B);KOM120G(A);KOM1304(C);
William Afton;G640121100490;L;P6401211042;IPB110F(B);KOM120G(A);KOM1304(C);
William Afton;G640121100491;L;P6401211042;IPB110F(B);KOM120G(A);KOM1304(C);
William Afton;G640121100492;L;P6401211042;IPB110F(B);KOM120G(A);KOM1304(C);
William Afton;G640121100493;L;P6401211042;IPB110F(B);KOM120G(A);KOM1304(C);
William Afton;G640121100494;L;P6401211042;IPB110F(B);KOM120G(A);KOM1304(C);
William Afton;G640121100495;L;P6401211042;IPB110F(B);KOM120G(A);KOM1304(C);
William Afton;G640121100496;L;P6401211042;IPB110F(B);KOM120G(A);KOM1304(C);
William Afton;G640121100497;L;P6401211042;IPB110F(B);KOM120G(A);KOM1304(C);
William Afton;G640121100498;L;P6401211042;IPB110F(B);KOM120G(A);KOM1304(C);
William Afton;G640121100499;L;P6401211042;IPB110F(B);KOM120G(A);KOM1304(C);
William Afton;G640121100500;L;P6401211042;IPB110F(B);KOM120G(A);KOM1304(C);
William Afton;G640121100501;L;P6401211042;IPB110F(B);KOM120G(A);KOM1304(C);
William Afton;G640121100502;L;P6401211042;IPB110F(B);KOM120G(A);KOM1304(C);
William Afton;G640121100503;L;P6401211042;IPB110F(B);KOM120G(A);KOM1304(C);
William Afton;G640121100504;L;P6401211042;IPB110F(B);KOM120G(A);KOM1304(C);
William Afton;G640121100505;L;P6401211042;IPB110F(B);KOM120G(A);KOM1304(C);
William Afton;G640121100506;L;P6401211042;IPB110F(B);KOM120G(A);KOM1304(C);
William Afton;G640121100507;L;P6401211042;IPB110F(B);KOM120G(A);KOM1304(C);
William Afton;G640121100508;L;P6401211042;IPB110F(B);KOM120G(A);KOM1304(C);
William Afton;G640121100509;L;P6401211042;IPB110F(B);KOM120G(A);KOM1304(C);
William Afton;G640121100510;L;P6401211042;IPB110F(B);KOM120G(A);KOM1304(C);
William Afton;G640121100511;L;P6401211042;IPB110F(B);KOM120G(A);KOM1304(C);
William Afton;G640121100512;L;P6401211042;IPB110F(B);KOM120G(A);KOM1304(C);
William Afton;G640121100513;L;P6401211042;IPB110F(B);KOM120G(A);KOM1304(C);
William Afton;G640121100514;L;P6401211042;IPB110F(B);KOM120G(A);KOM1304(C);
William Afton;G640121100515;L;P6401211042;IPB110F(B);KOM120G(A);KOM1304(C);
William Afton;G640121100516;L;P6401211042;IPB110F(B);KOM120G(A);KOM1304(C);
William Afton;G640121100517;L;P6401211042;IPB110F(B);KOM120G(A);KOM1304(C);
William Afton;G640121100518;L;P6401211042;IPB110F(B);KOM120G(A);KOM1304(C);
William Afton;G640121100519;L;P6401211042;IPB110F(B);KOM120G(A);KOM1304(C);
William Afton;G640121100520;L;P6401211042;IPB110F(B);KOM120G(A);KOM1304(C);
William Afton;G640121100521;L;P6401211042;IPB110F(B);KOM120G(A);KOM1304(C);
William Afton;G640121100522;L;P6401211042;IPB110F(B);KOM120G(A);KOM1304(C);
William Afton;G640121100523;L;P6401211042;IPB110F(B);KOM120G(A);KOM1304(C);
William Afton;G640121100524;L;P6401211042;IPB110F(B);KOM120G(A);KOM1304(C);
William Afton;G640121100525;L;P6401211042;IPB110F(B);KOM120G(A);KOM1304(C);
William Afton;G640121100526;L;P6401211042;IPB110F(B);KOM120G(A);KOM1304(C);
William Afton;G640121100527;L;P6401211042;IPB110F(B);KOM120G(A);KOM1304(C);
William Afton;G640121100528;L;P6401211042;IPB110F(B);KOM120G(A);KOM1304(C);
William Afton;G640121100529;L;P6401211042;IPB110F(B);KOM120G(A);KOM1304(C);
William Afton;G640121100530;L;P6401211042;IPB110F(B);KOM120G(A);KOM1304(C);
William Afton;G640121100531;L;P6401211042;IPB110F(B);KOM120G(A);KOM1304(C);
William Afton;G640121100532;L;P6401211042;IPB110F(B);KOM120G(A);KOM1304(C);
William Afton;G640121100533;L;P6401211042;IPB110F(B);KOM120G(A);KOM1304(C);
William Afton;G640121100534;L;P6401211042;IPB110F(B);KOM120G(A);KOM1304(C);
William Afton;G640121100535;L;P6401211042;IPB110F(B);KOM120G(A);KOM1304(C);
William Afton;G640121100536;L;P6401211042;IPB110F(B);KOM120G(A);KOM1304(C);
William Afton;G640121100537;L;P6401211042;IPB110F(B);KOM120G(A);KOM1304(C);
William Afton;G640121100538;L;P6401211042;IPB110F(B);KOM120G(A);KOM1304(C);
William Afton;G640121100539;L;P6401211042;IPB110F(B);KOM120G(A);KOM1304(C);
William Afton;G640121100540;L;P6401211042;IPB110F(B);KOM120G(A);KOM1304(C);
William Afton;G640121100541;L;P6401211042;IPB110F(B);KOM120G(A);KOM1304(C);
William Afton;G640121100542;L;P6401211042;IPB110F(B);KOM120G(A);KOM1304(C);
William Afton;G640121100543;L;P6401211042;IPB110F(B);KOM120G(A);KOM1304(C);
William Afton;G640121100544;L;P6401211042;IPB110F(B);KOM120G(A);KOM1304(C);
William Afton;G640121100545;L;P6401211042;IPB110F(B);KOM120G(A);KOM1304(C);
William Afton;G640121100546;L;P6401211042;IPB110F(B);KOM120G(A);KOM1304(C);
William Afton;G640121100547;L;P6401211042;IPB110F(B);KOM120G(A);KOM1304(C);
William Afton;G640121100548;L;P6401211042;IPB110F(B);KOM120G(A);KOM1304(C);
William Afton;G640121100549;L;P6401211042;IPB110F(B);KOM120G(A);KOM1304(C);
William Afton;G640121100550;L;P6401211042;IPB110F(B);KOM120G(A);KOM1304(C);
William Afton;G640121100551;L;P6401211042;IPB110F(B);KOM120G(A);KOM1304(C);
William Afton;G640121100552;L;P6401211042;IPB110F(B);KOM120G(A);KOM1304(C);
William Afton;G640121100553;L;P6401211042;IPB110F(B);KOM120G(A);KOM1304(C);
William Afton;G640121100554;L;P6401211042;IPB110F(B);KOM120G(A);KOM1304(C);
William Afton;G640121100555;L;P6401211042;IPB110F(B);KOM120G(A);KOM1304(C);
William Afton;G640121100556;L;P6401211042;IPB110F(B);KOM120G(A);KOM1304(C);
William Afton;G640121100557;L;P6401211042;IPB110F(B);KOM120G(A);KOM1304(C);
William Afton;G640121100558;L;P6401211042;IPB110F(B);KOM120G(A);KOM1304(C);
William Afton;G640121100559;L;P6401211042;IPB110F(B);KOM120G(A);KOM1304(C);
William Afton;G640121100560;L;P6401211042;IPB110F(B);KOM120G(A);KOM1304(C);
William Afton;G640121100561;L;P6401211042;IPB110F(B);KOM120G(A);KOM1304(C);
William Afton;G640121100562;L;P6401211042;IPB110F(B);KOM120G(A);KOM1304(C);
William Afton;G640121100563;L;P6401211042;IPB110F(B);KOM120G(A);KOM1304(C);
William Afton;G640121100564;L;P6401211042;IPB110F(B);KOM120G(A);KOM1304(C);
William Afton;G640121100565;L;P6401211042;IPB110F(B);KOM120G(A);KOM1304(C);
William Afton;G640121100566;L;P6401211042;IPB110F(B);KOM120G(A);KOM1304(C);
William Afton;G640121100567;L;P6401211042;IPB110F(B);KOM120G(A);KOM1304(C);
William Afton;G640121100568;L;P6401211042;IPB110F(B);KOM120G(A);KOM1304(C);
William Afton;G640121100569;L;P6401211042;IPB110F(B);KOM120G(A);KOM1304(C);
William Afton;G640121100570;L;P6401211042;IPB110F(B);KOM120G(A);KOM1304(C);
William Afton;G640121100571;L;P6401211042;IPB110F(B);KOM120G(A);KOM1304(C);
William Afton;G640121100572;L;P6401211042;IPB110F(B);KOM120G(A);KOM1304(C);
William Afton;G640121100573;L;P6401211042;IPB110F(B);KOM120G(A);KOM1304(C);
William Afton;G640121100574;L;P6401211042;IPB110F(B);KOM120G(A);KOM1304(C);
William Afton;G640121100575;L;P6401211042;IPB110F(B);KOM120G(A);KOM1304(C);
William Afton;G640121100576;L;P6401211042;IPB110F(B);KOM120G(A);KOM1304(C);
William Afton;G640121100577;L;P6401211042;IPB110F(B);KOM120G(A);KOM1304(C);
William Afton;G640121100578;L;P6401211042;IPB110F(B);KOM120G(A);KOM1304(C);
William Afton;G640121100579;L;P6401211042;IPB110F(B);KOM120G(A);KOM1304(C);
William Afton;G640121100580;L;P6401211042;IPB110F(B);KOM120G(A);KOM1304(C);
William Afton;G640121100581;L;P6401211042;IPB110F(B);KOM120G(A);KOM1304(C);
William Afton;G640121100582;L;P6401211042;IPB110F(B);KOM120G(A);KOM1304(C);
William Afton;G640121100583;L;P6401211042;IPB110F(B);KOM120G(A);KOM1304(C);
William Afton;G640121100584;L;P6401211042;IPB110F(B);KOM120G(A);KOM1304(C);
William Afton;G640121100585;L;P6401211042;IPB110F(B);KOM120G(A);KOM1304(C);
William Afton;G640121100586;L;P6401211042;IPB110F(B);KOM120G(A);KOM1304(C);
William Afton;G640121100587;L;P6401211042;IPB110F(B);KOM120G(A);KOM1304(C);
William Afton;G640121100588;L;P6401211042;IPB110F(B);KOM120G(A);KOM1304(C);
William Afton;G640121100589;L;P6401211042;IPB110F(B);KOM120G(A);KOM1304(C);
William Afton;G640121100590;L;P6401211042;IPB110F(B);KOM120G(A);KOM1304(C);
William Afton;G640121100591;L;P6401211042;IPB110F(B);KOM120G(A);KOM1304(C);
William Afton;G640121100592;L;P6401211042;IPB110F(B);KOM120G(A);KOM1304(C);
William Afton;G640121100593;L;P6401211042;IPB110F(B);KOM120G(A);KOM1304(C);
William Afton;G640121100594;L;P6401211042;IPB110F(B);KOM120G(A);KOM1304(C);
William Afton;G640121100595;L;P6401211042;IPB110F(B);KOM120G(A);KOM1304(C);
William Afton;G640121100596;L;P6401211042;IPB110F(B);KOM120G(A);KOM1304(C);
William Afton;G640121100597;L;P6401211042;IPB110F(B);KOM120G(A);KOM1304(C);
William Afton;G640121100598;L;P6401211042;IPB110F(B);KOM120G(A);KOM1304(C);
William Afton;G640121100599;L;P6401211042;IPB110F(B);KOM120G(A);KOM1304(C);
William Afton;G640121100600;L;P6401211042;IPB110F(B);KOM120G(A);KOM1304(C);
William Afton;G640121100601;L;P6401211042;IPB110F(B);KOM120G(A);KOM1304(C);
William Afton;G640121100602;L;P6401211042;IPB110F(B);KOM120G(A);KOM1304(C);
William Afton;G640121100603;L;P6401211042;IPB110F(B);KOM120G(A);KOM1304(C);
William Afton;G640121100604;L;P6401211042;IPB110F(B);KOM120G(A);KOM1304(C);
William Afton;G640121100605;L;P6401211042;IPB110F(B);KOM120G(A);KOM1304(C);
William Afton;G640121100606;L;P6401211042;IPB110F(B);KOM120G(A);KOM1304(C);
William Afton;G640121100607;L;P6401211042;IPB110F(B);KOM120G(A);KOM1304(C);
William Afton;G640121100608;L;P6401211042;IPB110F(B);KOM120G(A);KOM1304(C);
William Afton;G640121100609;L;P6401211042;IPB110F(B);KOM120G(A);KOM1304(C);
William Afton;G640121100610;L;P6401211042;IPB110F(B);KOM120G(A);KOM1304(C);
William Afton;G640121100611;L;P6401211042;IPB110F(B);KOM120G(A);KOM1304(C);
William Afton;G640121100612;L;P6401211042;IPB110F(B);KOM120G(A);KOM1304(C);
William Afton;G640121100613;L;P6401211042;IPB110F(B);KOM120G(A);KOM1304(C);
William Afton;G640121100614;L;P6401211042;IPB110F(B);KOM120G(A);KOM1304(C);
William Afton;G640121100615;L;P6401211042;IPB110F(B);KOM120G(A);KOM1304(C);
William Afton;G640121100616;L;P6401211042;IPB110F(B);KOM120G(A);KOM1304(C);
William Afton;G640121100617;L;P6401211042;IPB110F(B);KOM120G(A);KOM1304(C);
William Afton;G640121100618;L;P6401211042;IPB110F(B);KOM120G(A);KOM1304(C);
William Afton;G640121100619;L;P6401211042;IPB110F(B);KOM120G(A);KOM1304(C);
William Afton;G640121100620;L;P6401211042;IPB110F(B);KOM120G(A);KOM1304(C);
William Afton;G640121100621;L;P6401211042;IPB110F(B);KOM120G(A);KOM1304(C);
William Afton;G640121100622;L;P6401211042;IPB110F(B);KOM120G(A);KOM1304(C);
William Afton;G640121100623;L;P6401211042;IPB110F(B);KOM120G(A);KOM1304(C);
William Afton;G640121100624;L;P6401211042;IPB110F(B);KOM120G(A);KOM1304(C);
William Afton;G640121100625;L;P6401211042;IPB110F(B);KOM120G(A);KOM1304(C);
William Afton;G640121100626;L;P6401211042;IPB110F(B);KOM120G(A);KOM1304(C);
William Afton;G640121100627;L;P6401211042;IPB110F(B);KOM120G(A);KOM1304(C);
William Afton;G640121100628;L;P6401211042;IPB110F(B);KOM120G(A);KOM1304(C);
William Afton;G640121100629;L;P6401211042;IPB110F(B);KOM120G(A);KOM1304(C);
William Afton;G640121100630;L;P6401211042;IPB110F(B);KOM120G(A);KOM1304(C);
William Afton;G640121100631;L;P6401211042;IPB110F(B);KOM120G(A);KOM1304(C);
William Afton;G640121100632;L;P6401211042;IPB110F(B);KOM120G(A);KOM1304(C);
William Afton;G640121100633;L;P6401211042;IPB110F(B);KOM120G(A);KOM1304(C);
William Afton;G640121100634;L;P6401211042;IPB110F(B);KOM120G(A);KOM1304(C);
William Afton;G640121100635;L;P6401211042;IPB110F(B);KOM120G(A);KOM1304(C);
William Afton;G640121100636;L;P6401211042;IPB110F(B);KOM120G(A);KOM1304(C);
William Afton;G640121100637;L;P6401211042;IPB110F(B);KOM120G(A);KOM1304(C);
William Afton;G640121100638;L;P6401211042;IPB110F(B);KOM120G(A);KOM1304(C);
William Afton;G640121100639;L;P6401211042;IPB110F(B);KOM120G(A);KOM1304(C);
William Afton;G640121100640;L;P6401211042;IPB110F(B);KOM120G(A);KOM1304(C);
William Afton;G640121100641;L;P6401211042;IPB110F(B);KOM120G(A);KOM1304(C);
William Afton;G640121100642;L;P6401211042;IPB110F(B);KOM120G(A);KOM1304(C);
William Afton;G640121100643;L;P6401211042;IPB110F(B);KOM120G(A);KOM1304(C);
William Afton;G640121100644;L;P6401211042;IPB110F(B);KOM120G(A);KOM1304(C);
William Afton;G640121100645;L;P6401211042;IPB110F(B);KOM120G(A);KOM1304(C);
William Afton;G640121100646;L;P6401211042;IPB110F(B);KOM120G(A);KOM1304(C);
William Afton;G640121100647;L;P6401211042;IPB110F(B);KOM120G(A);KOM1304(C);
William Afton;G640121100648;L;P6401211042;IPB110F(B);KOM120G(A);KOM1304(C);
William Afton;G640121100649;L;P6401211042;IPB110F(B);KOM120G(A);KOM1304(C);
William Afton;G640121100650;L;P6401211042;IPB110F(B);KOM120G(A);KOM1304(C);
William Afton;G640121100651;L;P6401211042;IPB110F(B);KOM120G(A);KOM1304(C);
William Afton;G640121100652;L;P6401211042;IPB110F(B);KOM120G(A);KOM1304(C);
William Afton;G640121100653;L;P6401211042;IPB110F(B);KOM120G(A);KOM1304(C);
William Afton;G640121100654;L;P6401211042;IPB110F(B);KOM120G(A);KOM1304(C);
William Afton;G640121100655;L;P6401211042;IPB110F(B);KOM120G(A);KOM1304(C);
William Afton;G640121100656;L;P6401211042;IPB110F(B);KOM120G(A);KOM1304(C);
William Afton;G640121100657;L;P6401211042;IPB110F(B);KOM120G(A);KOM1304(C);
William Afton;G640121100658;L;P6401211042;IPB110F(B);KOM120G(A);KOM1304(C);
William Afton;G640121100659;L;P6401211042;IPB110F(B);KOM120G(A);KOM1304(C);
William Afton;G640121100660;L;P6401211042;IPB110F(B);KOM120G(A);KOM1304(C);
William Afton;G640121100661;L;P6401211042;IPB110F(B);KOM120G(A);KOM1304(C);
William Afton;G640121100662;L;P6401211042;IPB110F(B);KOM120G(A);KOM1304(C);
William Afton;G640121100663;L;P6401211042;IPB110F(B);KOM120G(A);KOM1304(C);
William Afton;G640121100664;L;P6401211042;IPB110F(B);KOM120G(A);KOM1304(C);
William Afton;G640121100665;L;P6401211042;IPB110F(B);KOM120G(A);KOM1304(C);
William Afton;G640121100666;L;P6401211042;IPB110F(B);KOM120G(A);KOM1304(C);
William Afton;G640121100667;L;P6401211042;IPB110F(B);KOM120G(A);KOM1304(C);
William Afton;G640121100668;L;P6401211042;IPB110F(B);KOM120G(A);KOM1304(C);
William Afton;G640121100669;L;P6401211042;IPB110F(B);KOM120G(A);KOM1304(C);
William Afton;G640121100670;L;P6401211042;IPB110F(B);KOM120G(A);KOM1304(C);
William Afton;G640121100671;L;P6401211042;IPB110F(B);KOM120G(A);KOM1304(C);
William Afton;G640121100672;L;P6401211042;IPB110F(B);KOM120G(A);KOM1304(C);
William Afton;G640121100673;L;P6401211042;IPB110F(B);KOM120G(A);KOM1304(C);
William Afton;G640121100674;L;P6401211042;IPB110F(B);KOM120G(A);KOM1304(C);
William Afton;G640121100675;L;P6401211042;IPB110F(B);KOM120G(A);KOM1304(C);
William Afton;G640121100676;L;P6401211042;IPB110F(B);KOM120G(A);KOM1304(C);
William Afton;G640121100677;L;P6401211042;IPB110F(B);KOM120G(A);KOM1304(C);
William Afton;G640121100678;L;P6401211042;IPB110F(B);KOM120G(A);KOM1304(C);
William Afton;G640121100679;L;P6401211042;IPB110F(B);KOM120G(A);KOM1304(C);
William Afton;G640121100680;L;P6401211042;IPB110F(B);KOM120G(A);KOM1304(C);
William Afton;G640121100681;L;P6401211042;IPB110F(B);KOM120G(A);KOM1304(C);
William Afton;G640121100682;L;P6401211042;IPB110F(B);KOM120G(A);KOM1304(C);
William Afton;G640121100683;L;P6401211042;IPB110F(B);KOM120G(A);KOM1304(C);
William Afton;G640121100684;L;P6401211042;IPB110F(B);KOM120G(A);KOM1304(C);
William Afton;G640121100685;L;P6401211042;IPB110F(B);KOM120G(A);KOM1304(C);
William Afton;G640121100686;L;P6401211042;IPB110F(B);KOM120G(A);KOM1304(C);
William Afton;G640121100687;L;P6401211042;IPB110F(B);KOM120G(A);KOM1304(C);
William Afton;G640121100688;L;P6401211042;IPB110F(B);KOM120G(A);KOM1304(C);
William Afton;G640121100689;L;P6401211042;IPB110F(B);KOM120G(A);KOM1304(C);
William Afton;G640121100690;L;P6401211042;IPB110F(B);KOM120G(A);KOM1304(C);
William Afton;G640121100691;L;P6401211042;IPB110F(B);KOM120G(A);KOM1304(C);
William Afton;G640121100692;L;P6401211042;IPB110F(B);KOM120G(A);KOM1304(C);
William Afton;G640121100693;L;P6401211042;IPB110F(B);KOM120G(A);KOM1304(C);
William Afton;G640121100694;L;P6401211042;IPB110F(B);KOM120G(A);KOM1304(C);
William Afton;G640121100695;L;P6401211042;IPB110F(B);KOM120G(A);KOM1304(C);
William Afton;G640121100696;L;P6401211042;IPB110F(B);KOM120G(A);KOM1304(C);
William Afton;G640121100697;L;P6401211042;IPB110F(B);KOM120G(A);KOM1304(C);
William Afton;G640121100698;L;P6401211042;IPB110F(B);KOM120G(A);KOM1304(C);
William Afton;G640121100699;L;P6401211042;IPB110F(B);KOM120G(A);KOM1304(C);
William Afton;G640121100700;L;P6401211042;IPB110F(B);KOM120G(A);KOM1304(C);
William Afton;G640121100701;L;P6401211042;IPB110F(B);KOM120G(A);KOM1304(C);
William Afton;G640121100702;L;P6401211042;IPB110F(B);KOM120G(A);KOM1304(C);
William Afton;G640121100703;L;P6401211042;IPB110F(B);KOM120G(A);KOM1304(C);
William Afton;G640121100704;L;P6401211042;IPB110F(B);KOM120G(A);KOM1304(C);
William Afton;G640121100705;L;P6401211042;IPB110F(B);KOM120G(A);KOM1304(C);
William Afton;G640121100706;L;P6401211042;IPB110F(B);KOM120G(A);KOM1304(C);
William Afton;G640121100707;L;P6401211042;IPB110F(B);KOM120G(A);KOM1304(C);
William Afton;G640121100708;L;P6401211042;IPB110F(B);KOM120G(A);KOM1304(C);
William Afton;G640121100709;L;P6401211042;IPB110F(B);KOM120G(A);KOM1304(C);
William Afton;G640121100710;L;P6401211042;IPB110F(B);KOM120G(A);KOM1304(C);
William Afton;G640121100711;L;P6401211042;IPB110F(B);KOM120G(A);KOM1304(C);
William Afton;G640121100712;L;P6401211042;IPB110F(B);KOM120G(A);KOM1304(C);
William Afton;G640121100713;L;P6401211042;IPB110F(B);KOM120G(A);KOM1304(C);
William Afton;G640121100714;L;P6401211042;IPB110F(B);KOM120G(A);KOM1304(C);
William Afton;G640121100715;L;P6401211042;IPB110F(B);KOM120G(A);KOM1304(C);
William Afton;G640121100716;L;P6401211042;IPB110F(B);KOM120G(A);KOM1304(C);
William Afton;G640121100717;L;P6401211042;IPB110F(B);KOM120G(A);KOM1304(C);
William Afton;G640121100718;L;P6401211042;IPB110F(B);KOM120G(A);KOM1304(C);
William Afton;G640121100719;L;P6401211042;IPB110F(B);KOM120G(A);KOM1304(C);
William Afton;G640121100720;L;P6401211042;IPB110F(B);KOM120G(A);KOM1304(C);
William Afton;G640121100721;L;P6401211042;IPB110F(B);KOM120G(A);KOM1304(C);
William Afton;G640121100722;L;P6401211042;IPB110F(B);KOM120G(A);KOM1304(C);
William Afton;G640121100723;L;P6401211042;IPB110F(B);KOM120G(A);KOM1304(C);
William Afton;G640121100724;L;P6401211042;IPB110F(B);KOM120G(A);KOM1304(C);
William Afton;G640121100725;L;P6401211042;IPB110F(B);KOM120G(A);KOM1304(C);
William Afton;G640121100726;L;P6401211042;IPB110F(B);KOM120G(A);KOM1304(C);
William Afton;G640121100727;L;P6401211042;IPB110F(B);KOM120G(A);KOM1304(C);
William Afton;G640121100728;L;P6401211042;IPB110F(B);KOM120G(A);KOM1304(C);
William Afton;G640121100729;L;P6401211042;IPB110F(B);KOM120G(A);KOM1304(C);
William Afton;G640121100730;L;P6401211042;IPB110F(B);KOM120G(A);KOM1304(C);
William Afton;G640121100731;L;P6401211042;IPB110F(B);KOM120G(A);KOM1304(C);
William Afton;G640121100732;L;P6401211042;IPB110F(B);KOM120G(A);KOM1304(C);
William Afton;G640121100733;L;P6401211042;IPB110F(B);KOM120G(A);KOM1304(C);
William Afton;G640121100734;L;P6401211042;IPB110F(B);KOM120G(A);KOM1304(C);
William Afton;G640121100735;L;P6401211042;IPB110F(B);KOM120G(A);KOM1304(C);
William Afton;G640121100736;L;P6401211042;IPB110F(B);KOM120G(A);KOM1304(C);
William Afton;G640121100737;L;P6401211042;IPB110F(B);KOM120G(A);KOM1304(C);
William Afton;G640121100738;L;P6401211042;IPB110F(B);KOM120G(A);KOM1304(C);
William Afton;G640121100739;L;P6401211042;IPB110F(B);KOM120G(A);KOM1304(C);
William Afton;G640121100740;L;P6401211042;IPB110F(B);KOM120G(A);KOM1304(C);
William Afton;G640121100741;L;P6401211042;IPB110F(B);KOM120G(A);KOM1304(C);
William Afton;G640121100742;L;P6401211042;IPB110F(B);KOM120G(A);KOM1304(C);
William Afton;G640121100743;L;P6401211042;IPB110F(B);KOM120G(A);KOM1304(C);
William Afton;G640121100744;L;P6401211042;IPB110F(B);KOM120G(A);KOM1304(C);
William Afton;G640121100745;L;P6401211042;IPB110F(B);KOM120G(A);KOM1304(C);
William Afton;G640121100746;L;P6401211042;IPB110F(B);KOM120G(A);KOM1304(C);
William Afton;G640121100747;L;P6401211042;IPB110F(B);KOM120G(A);KOM1304(C);
William Afton;G640121100748;L;P6401211042;IPB110F(B);KOM120G(A);KOM1304(C);
William Afton;G640121100749;L;P6401211042;IPB110F(B);KOM120G(A);KOM1304(C);
William Afton;G640121100750;L;P6401211042;IPB110F(B);KOM120G(A);KOM1304(C);
William Afton;G640121100751;L;P6401211042;IPB110F(B);KOM120G(A);KOM1304(C);
William Afton;G640121100752;L;P6401211042;IPB110F(B);KOM120G(A);KOM1304(C);
William Afton;G640121100753;L;P6401211042;IPB110F(B);KOM120G(A);KOM1304(C);
William Afton;G640121100754;L;P6401211042;IPB110F(B);KOM120G(A);KOM1304(C);
William Afton;G640121100755;L;P6401211042;IPB110F(B);KOM120G(A);KOM1304(C);
William Afton;G640121100756;L;P6401211042;IPB110F(B);KOM120G(A);KOM1304(C);
William Afton;G640121100757;L;P6401211042;IPB110F(B);KOM120G(A);KOM1304(C);
William Afton;G640121100758;L;P6401211042;IPB110F(B);KOM120G(A);KOM1304(C);
William Afton;G640121100759;L;P6401211042;IPB110F(B);KOM120G(A);KOM1304(C);
William Afton;G640121100760;L;P6401211042;IPB110F(B);KOM120G(A);KOM1304(C);
William Afton;G640121100761;L;P6401211042;IPB110F(B);KOM120G(A);KOM1304(C);
William Afton;G640121100762;L;P6401211042;IPB110F(B);KOM120G(A);KOM1304(C);
William Afton;G640121100763;L;P6401211042;IPB110F(B);KOM120G(A);KOM1304(C);
William Afton;G640121100764;L;P6401211042;IPB110F(B);KOM120G(A);KOM1304(C);
William Afton;G640121100765;L;P6401211042;IPB110F(B);KOM120G(A);KOM1304(C);
William Afton;G640121100766;L;P6401211042;IPB110F(B);KOM120G(A);KOM1304(C);
William Afton;G640121100767;L;P6401211042;IPB110F(B);KOM120G(A);KOM1304(C);
William Afton;G640121100768;L;P6401211042;IPB110F(B);KOM120G(A);KOM1304(C);
William Afton;G640121100769;L;P6401211042;IPB110F(B);KOM120G(A);KOM1304(C);
William Afton;G640121100770;L;P6401211042;IPB110F(B);KOM120G(A);KOM1304(C);
William Afton;G640121100771;L;P6401211042;IPB110F(B);KOM120G(A);KOM1304(C);
William Afton;G640121100772;L;P6401211042;IPB110F(B);KOM120G(A);KOM1304(C);
William Afton;G640121100773;L;P6401211042;IPB110F(B);KOM120G(A);KOM1304(C);
William Afton;G640121100774;L;P6401211042;IPB110F(B);KOM120G(A);KOM1304(C);
William Afton;G640121100775;L;P6401211042;IPB110F(B);KOM120G(A);KOM1304(C);
William Afton;G640121100776;L;P6401211042;IPB110F(B);KOM120G(A);KOM1304(C);
William Afton;G640121100777;L;P6401211042;IPB110F(B);KOM120G(A);KOM1304(C);
William Afton;G640121100778;L;P6401211042;IPB110F(B);KOM120G(A);KOM1304(C);
William Afton;G640121100779;L;P6401211042;IPB110F(B);KOM120G(A);KOM1304(C);
William Afton;G640121100780;L;P6401211042;IPB110F(B);KOM120G(A);KOM1304(C);
William Afton;G640121100781;L;P6401211042;IPB110F(B);KOM120G(A);KOM1304(C);
William Afton;G640121100782;L;P6401211042;IPB110F(B);KOM120G(A);KOM1304(C);
William Afton;G640121100783;L;P6401211042;IPB110F(B);KOM120G(A);KOM1304(C);
William Afton;G640121100784;L;P6401211042;IPB110F(B);KOM120G(A);KOM1304(C);
William Afton;G640121100785;L;P6401211042;IPB110F(B);KOM120G(A);KOM1304(C);
William Afton;G640121100786;L;P6401211042;IPB110F(B);KOM120G(A);KOM1304(C);
William Afton;G640121100787;L;P6401211042;IPB110F(B);KOM120G(A);KOM1304(C);
William Afton;G640121100788;L;P6401211042;IPB110F(B);KOM120G(A);KOM1304(C);
William Afton;G640121100789;L;P6401211042;IPB110F(B);KOM120G(A);KOM1304(C);
William Afton;G640121100790;L;P6401211042;IPB110F(B);KOM120G(A);KOM1304(C);
William Afton;G640121100791;L;P6401211042;IPB110F(B);KOM120G(A);KOM1304(C);
William Afton;G640121100792;L;P6401211042;IPB110F(B);KOM120G(A);KOM1304(C);
William Afton;G640121100793;L;P6401211042;IPB110F(B);KOM120G(A);KOM1304(C);
William Afton;G640121100794;L;P6401211042;IPB110F(B);KOM120G(A);KOM1304(C);
William Afton;G640121100795;L;P6401211042;IPB110F(B);KOM120G(A);KOM1304(C);
William Afton;G640121100796;L;P6401211042;IPB110F(B);KOM120G(A);KOM1304(C);
William Afton;G640121100797;L;P6401211042;IPB110F(B);KOM120G(A);KOM1304(C);
William Afton;G640121100798;L;P6401211042;IPB110F(B);KOM120G(A);KOM1304(C);
William Afton;G640121100799;L;P6401211042;IPB110F(B);KOM120G(A);KOM1304(C);
William Afton;G640121100800;L;P6401211042;IPB110F(B);KOM120G(A);KOM1304(C);
William Afton;G640121100801;L;P6401211042;IPB110F(B);KOM120G(A);KOM1304(C);
William Afton;G640121100802;L;P6401211042;IPB110F(B);KOM120G(A);KOM1304(C);
William Afton;G640121100803;L;P6401211042;IPB110F(B);KOM120G(A);KOM1304(C);
William Afton;G640121100804;L;P6401211042;IPB110F(B);KOM120G(A);KOM1304(C);
William Afton;G640121100805;L;P6401211042;IPB110F(B);KOM120G(A);KOM1304(C);
William Afton;G640121100806;L;P6401211042;IPB110F(B);KOM120G(A);KOM1304(C);
William Afton;G640121100807;L;P6401211042;IPB110F(B);KOM120G(A);KOM1304(C);
William Afton;G640121100808;L;P6401211042;IPB110F(B);KOM120G(A);KOM1304(C);
William Afton;G640121100809;L;P6401211042;IPB110F(B);KOM120G(A);KOM1304(C);
William Afton;G640121100810;L;P6401211042;IPB110F(B);KOM120G(A);KOM1304(C);
William Afton;G640121100811;L;P6401211042;IPB110F(B);KOM120G(A);KOM1304(C);
William Afton;G640121100812;L;P6401211042;IPB110F(B);KOM120G(A);KOM1304(C);
William Afton;G640121100813;L;P6401211042;IPB110F(B);KOM120G(A);KOM1304(C);
William Afton;G640121100814;L;P6401211042;IPB110F(B);KOM120G(A);KOM1304(C);
William Afton;G640121100815;L;P6401211042;IPB110F(B);KOM120G(A);KOM1304(C);
William Afton;G640121100816;L;P6401211042;IPB110F(B);KOM120G(A);KOM1304(C);
William Afton;G640121100817;L;P6401211042;IPB110F(B);KOM120G(A);KOM1304(C);
William Afton;G640121100818;L;P6401211042;IPB110F(B);KOM120G(A);KOM1304(C);
William Afton;G640121100819;L;P6401211042;IPB110F(B);KOM120G(A);KOM1304(C);
William Afton;G640121100820;L;P6401211042;IPB110F(B);KOM120G(A);KOM1304(C);
William Afton;G640121100821;L;P6401211042;IPB110F(B);KOM120G(A);KOM1304(C);
William Afton;G640121100822;L;P6401211042;IPB110F(B);KOM120G(A);KOM1304(C);
William Afton;G640121100823;L;P6401211042;IPB110F(B);KOM120G(A);KOM1304(C);
William Afton;G640121100824;L;P6401211042;IPB110F(B);KOM120G(A);KOM1304(C);
William Afton;G640121100825;L;P6401211042;IPB110F(B);KOM120G(A);KOM1304(C);
William Afton;G640121100826;L;P6401211042;IPB110F(B);KOM120G(A);KOM1304(C);
William Afton;G640121100827;L;P6401211042;IPB110F(B);KOM120G(A);KOM1304(C);
William Afton;G640121100828;L;P6401211042;IPB110F(B);KOM120G(A);KOM1304(C);
William Afton;G640121100829;L;P6401211042;IPB110F(B);KOM120G(A);KOM1304(C);
William Afton;G640121100830;L;P6401211042;IPB110F(B);KOM120G(A);KOM1304(C);
William Afton;G640121100831;L;P6401211042;IPB110F(B);KOM120G(A);KOM1304(C);
William Afton;G640121100832;L;P6401211042;IPB110F(B);KOM120G(A);KOM1304(C);
William Afton;G640121100833;L;P6401211042;IPB110F(B);KOM120G(A);KOM1304(C);
William Afton;G640121100834;L;P6401211042;IPB110F(B);KOM120G(A);KOM1304(C);
William Afton;G640121100835;L;P6401211042;IPB110F(B);KOM120G(A);KOM1304(C);
William Afton;G640121100836;L;P6401211042;IPB110F(B);KOM120G(A);KOM1304(C);
William Afton;G640121100837;L;P6401211042;IPB110F(B);KOM120G(A);KOM1304(C);
William Afton;G640121100838;L;P6401211042;IPB110F(B);KOM120G(A);KOM1304(C);
William Afton;G640121100839;L;P6401211042;IPB110F(B);KOM120G(A);KOM1304(C);
William Afton;G640121100840;L;P6401211042;IPB110F(B);KOM120G(A);KOM1304(C);
William Afton;G640121100841;L;P6401211042;IPB110F(B);KOM120G(A);KOM1304(C);
William Afton;G640121100842;L;P6401211042;IPB110F(B);KOM120G(A);KOM1304(C);
William Afton;G640121100843;L;P6401211042;IPB110F(B);KOM120G(A);KOM1304(C);
William Afton;G640121100844;L;P6401211042;IPB110F(B);KOM120G(A);KOM1304(C);
William Afton;G640121100845;L;P6401211042;IPB110F(B);KOM120G(A);KOM1304(C);
William Afton;G640121100846;L;P6401211042;IPB110F(B);KOM120G(A);KOM1304(C);
William Afton;G640121100847;L;P6401211042;IPB110F(B);KOM120G(A);KOM1304(C);
William Afton;G640121100848;L;P6401211042;IPB110F(B);KOM120G(A);KOM1304(C);
William Afton;G640121100849;L;P6401211042;IPB110F(B);KOM120G(A);KOM1304(C);
William Afton;G640121100850;L;P6401211042;IPB110F(B);KOM120G(A);KOM1304(C);
William Afton;G640121100851;L;P6401211042;IPB110F(B);KOM120G(A);KOM1304(C);
William Afton;G640121100852;L;P6401211042;IPB110F(B);KOM120G(A);KOM1304(C);
William Afton;G640121100853;L;P6401211042;IPB110F(B);KOM120G(A);KOM1304(C);
William Afton;G640121100854;L;P6401211042;IPB110F(B);KOM120G(A);KOM1304(C);
William Afton;G640121100855;L;P6401211042;IPB110F(B);KOM120G(A);KOM1304(C);
William Afton;G640121100856;L;P6401211042;IPB110F(B);KOM120G(A);KOM1304(C);
William Afton;G640121100857;L;P6401211042;IPB110F(B);KOM120G(A);KOM1304(C);
William Afton;G640121100858;L;P6401211042;IPB110F(B);KOM120G(A);KOM1304(C);
William Afton;G640121100859;L;P6401211042;IPB110F(B);KOM120G(A);KOM1304(C);
William Afton;G640121100860;L;P6401211042;IPB110F(B);KOM120G(A);KOM1304(C);
William Afton;G640121100861;L;P6401211042;IPB110F(B);KOM120G(A);KOM1304(C);
William Afton;G640121100862;L;P6401211042;IPB110F(B);KOM120G(A);KOM1304(C);
William Afton;G640121100863;L;P6401211042;IPB110F(B);KOM120G(A);KOM1304(C);
William Afton;G640121100864;L;P6401211042;IPB110F(B);KOM120G(A);KOM1304(C);
William Afton;G640121100865;L;P6401211042;IPB110F(B);KOM120G(A);KOM1304(C);
William Afton;G640121100866;L;P6401211042;IPB110F(B);KOM120G(A);KOM1304(C);
William Afton;G640121100867;L;P6401211042;IPB110F(B);KOM120G(A);KOM1304(C);
William Afton;G640121100868;L;P6401211042;IPB110F(B);KOM120G(A);KOM1304(C);
William Afton;G640121100869;L;P6401211042;IPB110F(B);KOM120G(A);KOM1304(C);
William Afton;G640121100870;L;P6401211042;IPB110F(B);KOM120G(A);KOM1304(C);
William Afton;G640121100871;L;P6401211042;IPB110F(B);KOM120G(A);KOM1304(C);
William Afton;G640121100872;L;P6401211042;IPB110F(B);KOM120G(A);KOM1304(C);
William Afton;G640121100873;L;P6401211042;IPB110F(B);KOM120G(A);KOM1304(C);
William Afton;G640121100874;L;P6401211042;IPB110F(B);KOM120G(A);KOM1304(C);
William Afton;G640121100875;L;P6401211042;IPB110F(B);KOM120G(A);KOM1304(C);
William Afton;G640121100876;L;P6401211042;IPB110F(B);KOM120G(A);KOM1304(C);
William Afton;G640121100877;L;P6401211042;IPB110F(B);KOM120G(A);KOM1304(C);
William Afton;G640121100878;L;P6401211042;IPB110F(B);KOM120G(A);KOM1304(C);
William Afton;G640121100879;L;P6401211042;IPB110F(B);KOM120G(A);KOM1304(C);
William Afton;G640121100880;L;P6401211042;IPB110F(B);KOM120G(A);KOM1304(C);
William Afton;G640121100881;L;P6401211042;IPB110F(B);KOM120G(A);KOM1304(C);
William Afton;G640121100882;L;P6401211042;IPB110F(B);KOM120G(A);KOM1304(C);
William Afton;G640121100883;L;P6401211042;IPB110F(B);KOM120G(A);KOM1304(C);
William Afton;G640121100884;L;P6401211042;IPB110F(B);KOM120G(A);KOM1304(C);
William Afton;G640121100885;L;P6401211042;IPB110F(B);KOM120G(A);KOM1304(C);
William Afton;G640121100886;L;P6401211042;IPB110F(B);KOM120G(A);KOM1304(C);
William Afton;G640121100887;L;P6401211042;IPB110F(B);KOM120G(A);KOM1304(C);
William Afton;G640121100888;L;P6401211042;IPB110F(B);KOM120G(A);KOM1304(C);
William Afton;G640121100889;L;P6401211042;IPB110F(B);KOM120G(A);KOM1304(C);
William Afton;G640121100890;L;P6401211042;IPB110F(B);KOM120G(A);KOM1304(C);
William Afton;G640121100891;L;P6401211042;IPB110F(B);KOM120G(A);KOM1304(C);
William Afton;G640121100892;L;P6401211042;IPB110F(B);KOM120G(A);KOM1304(C);
William Afton;G640121100893;L;P6401211042;IPB110F(B);KOM120G(A);KOM1304(C);
William Afton;G640121100894;L;P6401211042;IPB110F(B);KOM120G(A);KOM1304(C);
William Afton;G640121100895;L;P6401211042;IPB110F(B);KOM120G(A);KOM1304(C);
William Afton;G640121100896;L;P6401211042;IPB110F(B);KOM120G(A);KOM1304(C);
William Afton;G640121100897;L;P6401211042;IPB110F(B);KOM120G(A);KOM1304(C);
William Afton;G640121100898;L;P6401211042;IPB110F(B);KOM120G(A);KOM1304(C);
William Afton;G640121100899;L;P6401211042;IPB110F(B);KOM120G(A);KOM1304(C);
William Afton;G640121100900;L;P6401211042;IPB110F(B);KOM120G(A);KOM1304(C);
William Afton;G640121100901;L;P6401211042;IPB110F(B);KOM120G(A);KOM1304(C);
William Afton;G640121100902;L;P6401211042;IPB110F(B);KOM120G(A);KOM1304(C);
William Afton;G640121100903;L;P6401211042;IPB110F(B);KOM120G(A);KOM1304(C);
William Afton;G640121100904;L;P6401211042;IPB110F(B);KOM120G(A);KOM1304(C);
William Afton;G640121100905;L;P6401211042;IPB110F(B);KOM120G(A);KOM1304(C);
William Afton;G640121100906;L;P6401211042;IPB110F(B);KOM120G(A);KOM1304(C);
William Afton;G640121100907;L;P6401211042;IPB110F(B);KOM120G(A);KOM1304(C);
William Afton;G640121100908;L;P6401211042;IPB110F(B);KOM120G(A);KOM1304(C);
William Afton;G640121100909;L;P6401211042;IPB110F(B);KOM120G(A);KOM1304(C);
William Afton;G640121100910;L;P6401211042;IPB110F(B);KOM120G(A);KOM1304(C);
William Afton;G640121100911;L;P6401211042;IPB110F(B);KOM120G(A);KOM1304(C);
William Afton;G640121100912;L;P6401211042;IPB110F(B);KOM120G(A);KOM1304(C);
William Afton;G640121100913;L;P6401211042;IPB110F(B);KOM120G(A);KOM1304(C);
William Afton;G640121100914;L;P6401211042;IPB110F(B);KOM120G(A);KOM1304(C);
William Afton;G640121100915;L;P6401211042;IPB110F(B);KOM120G(A);KOM1304(C);
William Afton;G640121100916;L;P6401211042;IPB110F(B);KOM120G(A);KOM1304(C);
William Afton;G640121100917;L;P6401211042;IPB110F(B);KOM120G(A);KOM1304(C);
William Afton;G640121100918;L;P6401211042;IPB110F(B);KOM120G(A);KOM1304(C);
William Afton;G640121100919;L;P6401211042;IPB110F(B);KOM120G(A);KOM1304(C);
William Afton;G640121100920;L;P6401211042;IPB110F(B);KOM120G(A);KOM1304(C);
William Afton;G640121100921;L;P6401211042;IPB110F(B);KOM120G(A);KOM1304(C);
William Afton;G640121100922;L;P6401211042;IPB110F(B);KOM120G(A);KOM1304(C);
William Afton;G640121100923;L;P6401211042;IPB110F(B);KOM120G(A);KOM1304(C);
William Afton;G640121100924;L;P6401211042;IPB110F(B);KOM120G(A);KOM1304(C);
William Afton;G640121100925;L;P6401211042;IPB110F(B);KOM120G(A);KOM1304(C);
William Afton;G640121100926;L;P6401211042;IPB110F(B);KOM120G(A);KOM1304(C);
William Afton;G640121100927;L;P6401211042;IPB110F(B);KOM120G(A);KOM1304(C);
William Afton;G640121100928;L;P6401211042;IPB110F(B);KOM120G(A);KOM1304(C);
William Afton;G640121100929;L;P6401211042;IPB110F(B);KOM120G(A);KOM1304(C);
William Afton;G640121100930;L;P6401211042;IPB110F(B);KOM120G(A);KOM1304(C);
William Afton;G640121100931;L;P6401211042;IPB110F(B);KOM120G(A);KOM1304(C);
William Afton;G640121100932;L;P6401211042;IPB110F(B);KOM120G(A);KOM1304(C);
William Afton;G640121100933;L;P6401211042;IPB110F(B);KOM120G(A);KOM1304(C);
William Afton;G640121100934;L;P6401211042;IPB110F(B);KOM120G(A);KOM1304(C);
William Afton;G640121100935;L;P6401211042;IPB110F(B);KOM120G(A);KOM1304(C);
William Afton;G640121100936;L;P6401211042;IPB110F(B);KOM120G(A);KOM1304(C);
William Afton;G640121100937;L;P6401211042;IPB110F(B);KOM120G(A);KOM1304(C);
William Afton;G640121100938;L;P6401211042;IPB110F(B);KOM120G(A);KOM1304(C);
William Afton;G640121100939;L;P6401211042;IPB110F(B);KOM120G(A);KOM1304(C);
William Afton;G640121100940;L;P6401211042;IPB110F(B);KOM120G(A);KOM1304(C);
William Afton;G640121100941;L;P6401211042;IPB110F(B);KOM120G(A);KOM1304(C);
William Afton;G640121100942;L;P6401211042;IPB110F(B);KOM120G(A);KOM1304(C);
William Afton;G640121100943;L;P6401211042;IPB110F(B);KOM120G(A);KOM1304(C);
William Afton;G640121100944;L;P6401211042;IPB110F(B);KOM120G(A);KOM1304(C);
William Afton;G640121100945;L;P6401211042;IPB110F(B);KOM120G(A);KOM1304(C);
William Afton;G640121100946;L;P6401211042;IPB110F(B);KOM120G(A);KOM1304(C);
William Afton;G640121100947;L;P6401211042;IPB110F(B);KOM120G(A);KOM1304(C);
William Afton;G640121100948;L;P6401211042;IPB110F(B);KOM120G(A);KOM1304(C);
William Afton;G640121100949;L;P6401211042;IPB110F(B);KOM120G(A);KOM1304(C);
William Afton;G640121100950;L;P6401211042;IPB110F(B);KOM120G(A);KOM1304(C);
William Afton;G640121100951;L;P6401211042;IPB110F(B);KOM120G(A);KOM1304(C);
William Afton;G640121100952;L;P6401211042;IPB110F(B);KOM120G(A);KOM1304(C);
William Afton;G640121100953;L;P6401211042;IPB110F(B);KOM120G(A);KOM1304(C);
William Afton;G640121100954;L;P6401211042;IPB110F(B);KOM120G(A);KOM1304(C);
William Afton;G640121100955;L;P6401211042;IPB110F(B);KOM120G(A);KOM1304(C);
William Afton;G640121100956;L;P6401211042;IPB110F(B);KOM120G(A);KOM1304(C);
William Afton;G640121100957;L;P6401211042;IPB110F(B);KOM120G(A);KOM1304(C);
William Afton;G640121100958;L;P6401211042;IPB110F(B);KOM120G(A);KOM1304(C);
William Afton;G640121100959;L;P6401211042;IPB110F(B);KOM120G(A);KOM1304(C);
William Afton;G640121100960;L;P6401211042;IPB110F(B);KOM120G(A);KOM1304(C);
William Afton;G640121100961;L;P6401211042;IPB110F(B);KOM120G(A);KOM1304(C);
William Afton;G640121100962;L;P6401211042;IPB110F(B);KOM120G(A);KOM1304(C);
William Afton;G640121100963;L;P6401211042;IPB110F(B);KOM120G(A);KOM1304(C);
William Afton;G640121100964;L;P6401211042;IPB110F(B);KOM120G(A);KOM1304(C);
William Afton;G640121100965;L;P6401211042;IPB110F(B);KOM120G(A);KOM1304(C);
William Afton;G640121100966;L;P6401211042;IPB110F(B);KOM120G(A);KOM1304(C);
William Afton;G640121100967;L;P6401211042;IPB110F(B);KOM120G(A);KOM1304(C);
William Afton;G640121100968;L;P6401211042;IPB110F(B);KOM120G(A);KOM1304(C);
William Afton;G640121100969;L;P6401211042;IPB110F(B);KOM120G(A);KOM1304(C);
William Afton;G640121100970;L;P6401211042;IPB110F(B);KOM120G(A);KOM1304(C);
William Afton;G640121100971;L;P6401211042;IPB110F(B);KOM120G(A);KOM1304(C);
William Afton;G640121100972;L;P6401211042;IPB110F(B);KOM120G(A);KOM1304(C);
William Afton;G640121100973;L;P6401211042;IPB110F(B);KOM120G(A);KOM1304(C);
William Afton;G640121100974;L;P6401211042;IPB110F(B);KOM120G(A);KOM1304(C);
William Afton;G640121100975;L;P6401211042;IPB110F(B);KOM120G(A);KOM1304(C);
William Afton;G640121100976;L;P6401211042;IPB110F(B);KOM120G(A);KOM1304(C);
William Afton;G640121100977;L;P6401211042;IPB110F(B);KOM120G(A);KOM1304(C);
William Afton;G640121100978;L;P6401211042;IPB110F(B);KOM120G(A);KOM1304(C);
William Afton;G640121100979;L;P6401211042;IPB110F(B);KOM120G(A);KOM1304(C);
William Afton;G640121100980;L;P6401211042;IPB110F(B);KOM120G(A);KOM1304(C);
William Afton;G640121100981;L;P6401211042;IPB110F(B);KOM120G(A);KOM1304(C);
William Afton;G640121100982;L;P6401211042;IPB110F(B);KOM120G(A);KOM1304(C);
William Afton;G640121100983;L;P6401211042;IPB110F(B);KOM120G(A);KOM1304(C);
William Afton;G640121100984;L;P6401211042;IPB110F(B);KOM120G(A);KOM1304(C);
William Afton;G640121100985;L;P6401211042;IPB110F(B);KOM120G(A);KOM1304(C);
William Afton;G640121100986;L;P6401211042;IPB110F(B);KOM120G(A);KOM1304(C);
William Afton;G640121100987;L;P6401211042;IPB110F(B);KOM120G(A);KOM1304(C);
William Afton;G640121100988;L;P6401211042;IPB110F(B);KOM120G(A);KOM1304(C);
William Afton;G640121100989;L;P6401211042;IPB110F(B);KOM120G(A);KOM1304(C);
William Afton;G640121100990;L;P6401211042;IPB110F(B);KOM120G(A);KOM1304(C);
William Afton;G640121100991;L;P6401211042;IPB110F(B);KOM120G(A);KOM1304(C);
William Afton;G640121100992;L;P6401211042;IPB110F(B);KOM120G(A);KOM1304(C);
William Afton;G640121100993;L;P6401211042;IPB110F(B);KOM120G(A);KOM1304(C);
William Afton;G640121100994;L;P6401211042;IPB110F(B);KOM120G(A);KOM1304(C);
William Afton;G640121100995;L;P6401211042;IPB110F(B);KOM120G(A);KOM1304(C);
William Afton;G640121100996;L;P6401211042;IPB110F(B);KOM120G(A);KOM1304(C);
William Afton;G640121100997;L;P6401211042;IPB110F(B);KOM120G(A);KOM1304(C);
William Afton;G640121100998;L;P6401211042;IPB110F(B);KOM120G(A);KOM1304(C);
William Afton;G640121100999;L;P6401211042;IPB110F(B);KOM120G(A);KOM1304(C);
